YearlyIncome,White,TotalIncome,TotalFirstHouseholdSize,TotalFirstHouseholdIncome,TotalEnrollments,TotalDependentsUnder18,MEDICAID,Hispanic,FoodStampsTotal,FirstShelterStayNightTotal,EverExperiencedDomesticViolence,EverExperiencedChronicHomeless,EarnedIncomeTotal,EarnedIncome,DomViolenceExp: Yes,DomViolenceExp: No,DomViolenceExp: Don't Know,ChildSupportTotal,BarriersSum,AGE
0.0,0,0.0,3,0.0,1,1,0,0,0.0,15,0,0,0.0,0,0,0,1,0.0,0,29
15262.08,1,1271.84,3,1271.84,1,2,0,0,0.0,23,1,0,1271.84,1,1,0,0,0.0,1,42
23520.0,0,460.0,3,1960.0,1,1,1,0,460.0,49,1,1,0.0,0,0,1,0,0.0,0,21
8352.0,1,399.0,3,696.0,2,1,1,0,0.0,2,1,0,399.0,1,1,0,0,0.0,0,20
9480.0,1,790.0,3,790.0,2,2,1,0,450.0,179,1,0,0.0,0,1,0,0,340.0,2,38
11364.0,1,947.0,2,947.0,1,1,1,0,347.0,5,1,0,600.0,1,1,0,0,0.0,0,36
4140.0,0,345.0,2,345.0,1,1,1,0,345.0,27,1,0,0.0,0,1,0,0,0.0,0,20
4800.0,1,400.0,3,400.0,1,1,0,0,400.0,2,0,0,0.0,0,0,0,1,0.0,0,30
0.0,0,0.0,2,0.0,1,1,0,1,0.0,19,1,0,0.0,0,1,0,0,0.0,0,46
5124.0,0,427.0,2,427.0,1,1,0,1,427.0,14,1,1,0.0,0,0,1,0,0.0,1,26
9204.0,1,767.0,3,767.0,4,1,0,0,317.0,67,1,0,450.0,1,0,0,1,0.0,0,21
0.0,0,0.0,6,0.0,1,5,0,0,0.0,2,0,0,0.0,0,0,1,0,0.0,0,36
9600.0,0,0.0,3,800.0,1,1,0,0,0.0,8,1,0,0.0,0,0,0,1,0.0,0,23
9396.0,0,783.0,2,783.0,1,1,0,1,0.0,2,1,0,0.0,0,1,0,0,0.0,2,22
15936.0,1,1328.0,2,1328.0,1,1,0,0,328.0,28,1,0,0.0,0,1,0,0,0.0,1,30
0.0,1,0.0,4,0.0,1,2,1,0,0.0,2,0,0,0.0,0,0,1,0,0.0,0,29
8364.0,0,697.0,2,697.0,1,1,1,0,297.0,4,1,0,0.0,0,1,0,0,400.0,1,41
19200.0,1,1600.0,7,1600.0,1,6,1,0,600.0,70,1,0,0.0,0,1,0,0,0.0,2,36
14400.0,1,1200.0,3,1200.0,1,2,0,0,200.0,7,0,0,1000.0,1,0,1,0,0.0,1,31
0.0,0,0.0,5,0.0,2,4,0,1,0.0,23,1,0,0.0,0,1,0,0,0.0,0,36
18000.0,1,500.0,4,1500.0,3,3,0,0,500.0,57,1,0,0.0,0,0,0,1,0.0,1,42
7032.0,0,586.0,4,586.0,1,2,1,0,0.0,21,0,0,0.0,0,0,1,0,0.0,0,26
9588.0,1,799.0,5,799.0,2,4,1,0,0.0,19,1,0,0.0,0,1,0,0,632.0,2,38
8016.0,0,668.0,4,668.0,2,3,0,1,668.0,1,1,1,0.0,0,1,0,0,0.0,0,26
20400.0,1,1700.0,2,1700.0,1,1,0,0,0.0,3,1,0,1700.0,1,1,0,0,0.0,0,33
7656.0,1,638.0,4,638.0,1,3,1,0,0.0,33,1,0,0.0,0,1,0,0,0.0,2,45
5160.0,1,430.0,4,430.0,6,2,1,0,0.0,10,1,1,0.0,0,1,0,0,0.0,1,31
4800.0,0,400.0,4,400.0,3,3,0,1,0.0,4,1,0,400.0,1,0,1,0,0.0,0,23
1872.0,1,156.0,3,156.0,2,1,0,0,156.0,10,1,0,0.0,0,0,0,1,0.0,1,44
7200.0,0,600.0,3,600.0,1,1,0,1,0.0,65,0,0,600.0,1,0,1,0,0.0,1,45
0.0,1,435.0,3,0.0,1,2,1,0,0.0,16,1,0,435.0,1,1,0,0,0.0,2,30
0.0,0,0.0,4,0.0,2,3,0,1,0.0,60,1,0,0.0,0,1,0,0,0.0,2,27
7560.0,1,630.0,2,630.0,1,1,1,0,600.0,10,1,0,0.0,0,1,0,0,30.0,1,26
10788.0,1,899.0,2,899.0,1,1,1,0,0.0,86,1,0,0.0,0,1,0,0,0.0,1,22
1800.0,0,150.0,2,150.0,2,1,0,0,150.0,6,0,1,0.0,0,0,1,0,0.0,0,27
6084.0,0,507.0,2,507.0,4,1,0,0,200.0,46,1,1,0.0,0,1,0,0,0.0,0,19
8400.0,1,700.0,3,700.0,2,2,1,0,0.0,40,1,1,300.0,1,1,0,0,400.0,0,25
3600.0,0,300.0,2,300.0,1,1,0,0,300.0,84,1,0,0.0,0,1,0,0,0.0,0,40
5976.0,0,498.0,4,498.0,1,2,1,0,498.0,5,0,0,0.0,0,0,0,1,0.0,1,34
11460.0,0,955.0,3,955.0,1,1,0,1,526.0,53,1,0,0.0,0,1,0,0,0.0,1,38
720.0,1,0.0,5,60.0,1,3,0,0,0.0,93,1,0,0.0,0,1,0,0,0.0,2,34
0.0,0,0.0,3,0.0,1,2,1,0,0.0,4,1,0,0.0,0,1,0,0,0.0,2,47
0.0,1,0.0,2,0.0,1,1,1,0,0.0,16,0,0,0.0,0,0,1,0,0.0,0,26
0.0,0,0.0,2,0.0,1,1,0,1,0.0,3,1,0,0.0,0,1,0,0,0.0,0,36
8971.32,0,747.61,4,747.61,5,3,1,1,474.0,6,1,0,273.61,1,1,0,0,0.0,0,23
11760.0,0,980.0,4,980.0,1,3,0,0,0.0,2,1,0,980.0,1,1,0,0,0.0,0,39
0.0,1,430.0,3,0.0,6,2,1,0,430.0,29,1,1,0.0,0,0,0,1,0.0,1,35
10800.0,1,0.0,3,900.0,1,1,0,0,0.0,8,0,0,0.0,0,0,1,0,0.0,0,30
3600.0,0,300.0,2,300.0,1,1,0,1,0.0,56,1,0,300.0,1,1,0,0,0.0,0,49
0.0,0,0.0,3,0.0,2,2,0,0,0.0,6,1,0,0.0,0,1,0,0,0.0,0,21
11539.2,1,961.6,6,961.6,1,5,1,0,952.0,73,0,0,0.0,0,0,1,0,9.6,1,27
5964.0,0,497.0,4,497.0,1,2,1,1,497.0,6,0,0,0.0,0,0,0,1,0.0,1,33
7200.0,1,600.0,2,600.0,1,1,0,0,0.0,5,1,0,600.0,1,1,0,0,0.0,0,41
9600.0,0,800.0,2,800.0,1,1,0,0,0.0,9,0,0,0.0,0,0,1,0,0.0,0,49
7800.0,1,650.0,5,650.0,1,3,0,0,650.0,93,0,0,0.0,0,0,0,1,0.0,0,29
9900.0,1,145.0,2,825.0,1,1,0,0,145.0,54,0,0,0.0,0,0,1,0,0.0,2,35
4788.0,1,399.0,3,399.0,1,1,1,0,0.0,3,1,0,0.0,0,1,0,0,0.0,0,35
0.0,1,0.0,3,0.0,2,1,0,0,0.0,60,1,0,0.0,0,0,1,0,0.0,0,37
0.0,1,0.0,3,0.0,4,1,1,0,0.0,7,0,0,0.0,0,0,1,0,0.0,0,30
0.0,1,0.0,3,0.0,1,1,1,0,0.0,10,1,0,0.0,0,1,0,0,0.0,2,31
2400.0,0,0.0,3,200.0,1,1,0,1,0.0,65,0,0,0.0,0,0,1,0,0.0,1,20
16824.0,0,674.0,3,1402.0,1,2,1,0,0.0,7,1,0,0.0,0,1,0,0,0.0,1,39
15912.0,1,663.0,4,1326.0,3,2,0,0,0.0,7,0,0,0.0,0,0,1,0,0.0,0,43
0.0,0,0.0,2,0.0,1,1,0,1,0.0,6,1,0,0.0,0,1,0,0,0.0,0,22
2880.0,1,240.0,4,240.0,2,2,1,0,0.0,12,1,0,0.0,0,1,0,0,0.0,1,32
3000.0,1,200.0,2,250.0,2,1,0,0,200.0,2,1,0,0.0,0,1,0,0,0.0,0,29
9372.0,0,781.0,2,781.0,2,1,1,0,175.0,31,0,0,0.0,0,0,0,1,0.0,0,29
10608.0,0,884.0,3,884.0,1,2,1,1,300.0,5,1,0,290.0,1,1,0,0,0.0,1,30
0.0,1,0.0,2,0.0,1,1,0,0,0.0,8,0,0,0.0,0,0,1,0,0.0,0,42
3600.0,0,300.0,2,300.0,2,1,0,0,300.0,83,0,0,0.0,0,0,1,0,0.0,1,22
11400.0,1,950.0,2,950.0,1,1,1,0,580.0,2,0,0,130.0,1,0,1,0,0.0,0,32
14088.0,1,500.0,5,1174.0,1,3,0,0,500.0,85,1,0,0.0,0,1,0,0,0.0,3,28
2400.0,1,200.0,3,200.0,5,1,0,0,200.0,59,0,1,0.0,0,0,0,1,0.0,0,21
10776.0,1,898.0,3,898.0,2,1,1,0,498.0,48,0,1,0.0,0,0,1,0,0.0,1,40
8556.0,1,713.0,2,713.0,1,1,0,0,313.0,77,1,0,0.0,0,1,0,0,0.0,1,24
4320.0,1,360.0,3,360.0,1,1,0,0,360.0,90,1,0,0.0,0,1,0,0,0.0,1,25
9768.0,1,814.0,2,814.0,2,1,1,0,526.0,50,1,0,0.0,0,1,0,0,0.0,2,33
5928.0,0,247.0,2,494.0,2,1,0,1,247.0,33,1,1,0.0,0,1,0,0,0.0,1,30
7200.0,0,300.0,2,600.0,3,1,1,1,300.0,16,1,0,0.0,0,1,0,0,0.0,0,28
6576.0,1,548.0,3,548.0,1,1,1,0,298.0,50,1,0,250.0,1,1,0,0,0.0,2,35
1140.0,1,0.0,3,95.0,1,1,1,0,0.0,55,0,0,0.0,0,0,0,1,0.0,0,21
86940.0,1,6945.0,5,7245.0,1,3,1,0,6945.0,126,1,0,0.0,0,1,0,0,0.0,0,23
0.0,1,0.0,3,0.0,1,2,0,0,0.0,8,1,0,0.0,0,1,0,0,0.0,0,31
12396.0,0,1033.0,5,1033.0,1,3,1,1,386.0,4,0,0,0.0,0,0,0,1,0.0,0,36
0.0,0,0.0,4,0.0,2,2,0,1,0.0,33,1,0,0.0,0,1,0,0,0.0,1,23
4800.0,1,200.0,3,400.0,1,2,0,0,200.0,11,1,0,0.0,0,1,0,0,0.0,0,42
9156.0,0,763.0,2,763.0,1,1,1,1,364.0,91,1,0,0.0,0,1,0,0,0.0,1,33
5520.0,1,460.0,3,460.0,3,1,0,0,460.0,272,1,0,0.0,0,1,0,0,0.0,0,27
10968.0,1,914.0,3,914.0,1,2,0,0,664.0,9,1,0,0.0,0,1,0,0,250.0,0,33
16416.0,0,1368.0,4,1368.0,1,2,1,0,0.0,27,0,0,0.0,0,0,0,1,0.0,0,29
5916.0,0,493.0,3,493.0,2,2,0,0,493.0,184,1,0,0.0,0,0,1,0,0.0,0,22
0.0,0,0.0,2,0.0,1,1,0,1,0.0,1,1,0,0.0,0,1,0,0,0.0,1,26
7860.0,1,655.0,2,655.0,1,1,0,0,367.0,145,1,0,0.0,0,1,0,0,0.0,0,54
0.0,0,0.0,2,0.0,1,1,0,0,0.0,6,1,0,0.0,0,1,0,0,0.0,0,22
3600.0,0,0.0,3,300.0,1,1,0,0,0.0,69,0,0,0.0,0,0,0,1,0.0,0,18
9804.0,0,817.0,4,817.0,2,3,0,1,177.0,152,1,0,400.0,1,1,0,0,240.0,0,37
8328.0,1,694.0,2,694.0,1,1,0,0,0.0,15,1,0,0.0,0,1,0,0,0.0,1,42
3180.0,1,1400.0,5,265.0,1,3,0,0,0.0,52,0,0,1400.0,1,0,0,1,0.0,2,40
8712.0,1,526.0,3,726.0,1,1,1,0,526.0,33,0,0,0.0,0,0,0,1,0.0,1,30
3432.0,1,309.0,5,286.0,2,3,1,0,309.0,113,1,0,0.0,0,0,1,0,0.0,1,38
22080.0,1,600.0,3,1840.0,1,1,0,0,0.0,6,0,0,600.0,1,0,0,1,0.0,0,37
12720.0,1,1060.0,3,1060.0,1,2,0,0,449.0,42,1,0,0.0,0,1,0,0,611.0,1,36
4380.0,0,365.0,2,365.0,1,1,1,1,365.0,4,1,0,0.0,0,1,0,0,0.0,0,21
6036.0,1,503.0,2,503.0,1,1,0,0,503.0,2,0,0,0.0,0,0,1,0,0.0,0,38
2400.0,0,0.0,3,200.0,2,1,0,0,0.0,1,0,0,0.0,0,0,1,0,0.0,0,21
0.0,1,0.0,2,0.0,1,1,1,0,0.0,16,0,0,0.0,0,0,1,0,0.0,0,53
18288.0,0,850.0,7,1524.0,1,5,0,0,850.0,22,1,0,0.0,0,1,0,0,0.0,0,43
19152.0,1,1596.0,5,1596.0,1,3,1,0,596.0,47,1,0,1000.0,1,0,0,1,0.0,0,28
8100.0,1,675.0,4,675.0,1,2,1,0,675.0,34,0,0,0.0,0,0,0,1,0.0,1,22
0.0,0,0.0,2,0.0,1,1,0,0,0.0,6,1,0,0.0,0,1,0,0,0.0,1,37
0.0,1,0.0,2,0.0,1,1,0,0,0.0,121,0,0,0.0,0,0,0,1,0.0,1,40
6960.0,1,290.0,2,580.0,1,2,0,0,290.0,237,1,0,0.0,0,0,1,0,0.0,0,29
10284.0,1,857.0,3,857.0,2,2,1,0,457.0,40,1,0,0.0,0,1,0,0,0.0,3,31
5976.0,1,498.0,3,498.0,1,2,0,0,0.0,3,1,0,0.0,0,1,0,0,0.0,1,25
0.0,0,0.0,4,0.0,1,2,0,0,0.0,1,0,0,0.0,0,0,0,1,0.0,0,21
11964.0,0,323.0,2,997.0,4,2,0,0,323.0,4,0,1,0.0,0,0,1,0,0.0,0,25
5208.0,1,434.0,3,434.0,2,1,0,0,434.0,4,0,0,0.0,0,0,0,1,0.0,2,27
1860.0,0,155.0,4,155.0,1,2,1,1,155.0,41,1,0,0.0,0,1,0,0,0.0,3,40
10560.0,1,880.0,2,880.0,1,1,0,0,80.0,56,1,0,800.0,1,1,0,0,0.0,0,22
18960.0,1,1302.0,2,1580.0,1,1,0,0,300.0,10,0,0,0.0,0,0,1,0,0.0,2,60
13104.0,0,1092.0,2,1092.0,1,1,1,0,160.0,123,0,0,0.0,0,0,1,0,0.0,0,61
11820.0,1,835.0,4,985.0,1,2,0,0,685.0,7,0,0,150.0,1,0,0,1,0.0,1,26
15948.0,1,1329.0,3,1329.0,1,2,0,0,329.0,30,1,0,1000.0,1,1,0,0,0.0,0,27
7116.0,0,593.0,2,593.0,1,1,0,0,293.0,30,1,0,0.0,0,1,0,0,0.0,0,42
4320.0,1,360.0,3,360.0,5,1,0,0,360.0,38,1,1,0.0,0,0,1,0,0.0,0,22
11520.0,0,960.0,2,960.0,1,1,0,1,0.0,82,1,0,250.0,1,0,1,0,0.0,1,35
0.0,0,0.0,2,0.0,1,1,0,1,0.0,46,1,0,0.0,0,1,0,0,0.0,0,36
0.0,0,0.0,2,0.0,3,1,0,1,0.0,5,1,1,0.0,0,1,0,0,0.0,2,18
7392.0,1,616.0,5,616.0,4,3,0,0,616.0,34,1,1,0.0,0,0,1,0,0.0,0,28
13200.0,0,1100.0,3,1100.0,3,2,0,0,0.0,45,0,0,0.0,0,0,1,0,0.0,1,37
11808.0,0,984.0,4,984.0,1,3,1,1,504.0,28,1,0,0.0,0,1,0,0,0.0,2,38
0.0,0,0.0,3,0.0,1,2,0,1,0.0,9,1,0,0.0,0,1,0,0,0.0,0,23
0.0,1,0.0,3,0.0,1,2,0,0,0.0,89,0,0,0.0,0,0,1,0,0.0,0,34
6828.0,0,569.0,2,569.0,2,1,1,0,170.0,25,0,0,0.0,0,0,1,0,0.0,0,23
4320.0,1,360.0,3,360.0,1,1,1,0,360.0,1,0,0,0.0,0,0,1,0,0.0,1,23
0.0,1,0.0,2,0.0,1,1,0,0,0.0,5,0,0,0.0,0,0,0,1,0.0,0,18
7296.0,1,608.0,4,608.0,2,3,0,0,608.0,27,1,0,0.0,0,1,0,0,0.0,0,21
8160.0,1,680.0,3,680.0,1,2,1,0,530.0,120,1,0,0.0,0,1,0,0,150.0,1,31
4932.0,1,411.0,4,411.0,1,2,1,0,411.0,143,0,0,0.0,0,0,1,0,0.0,1,34
19200.0,1,1000.0,5,1600.0,3,3,0,0,0.0,21,1,0,1000.0,1,0,0,1,0.0,0,25
0.0,1,0.0,2,0.0,1,1,1,0,0.0,5,1,0,0.0,0,1,0,0,0.0,1,31
12444.0,1,1037.0,3,1037.0,1,2,1,0,700.0,30,1,0,0.0,0,1,0,0,337.0,2,35
24168.0,1,890.0,3,2014.0,1,1,0,0,440.0,9,0,0,450.0,1,0,1,0,0.0,0,20
9984.0,1,832.0,2,832.0,1,1,1,0,316.0,34,1,0,0.0,0,1,0,0,0.0,2,48
9816.0,0,648.0,5,818.0,2,3,1,1,648.0,3,1,0,0.0,0,0,0,1,0.0,1,35
6348.0,1,529.0,3,529.0,1,1,1,0,529.0,7,0,0,0.0,0,0,0,1,0.0,2,44
2400.0,1,200.0,4,200.0,1,3,0,0,0.0,118,0,0,0.0,0,0,0,1,200.0,2,31
10920.0,0,560.0,6,910.0,1,3,1,1,560.0,60,0,0,0.0,0,0,0,1,0.0,0,38
15876.0,1,1323.0,5,1323.0,1,3,1,0,700.0,28,0,0,623.0,1,0,0,1,0.0,1,43
8160.0,1,680.0,3,680.0,1,2,1,0,281.0,27,1,0,0.0,0,1,0,0,0.0,2,37
7200.0,0,600.0,2,600.0,2,1,0,0,0.0,56,1,1,0.0,0,1,0,0,0.0,0,24
4380.0,0,365.0,3,365.0,2,1,0,1,365.0,17,1,0,0.0,0,0,1,0,0.0,0,28
8712.0,1,726.0,2,726.0,1,1,1,0,326.0,67,1,0,0.0,0,1,0,0,0.0,2,24
0.0,0,0.0,3,0.0,1,2,0,1,0.0,2,0,0,0.0,0,0,0,1,0.0,0,24
20784.0,1,1732.0,4,1732.0,1,2,1,0,500.0,60,0,0,0.0,0,0,0,1,0.0,1,28
13200.0,1,1100.0,4,1100.0,3,3,1,0,400.0,97,1,0,700.0,1,1,0,0,0.0,0,29
13860.0,1,755.0,4,1155.0,2,2,0,0,480.0,87,0,0,0.0,0,0,0,1,275.0,1,32
4800.0,0,200.0,5,400.0,1,3,0,0,0.0,56,0,0,0.0,0,0,0,1,0.0,0,26
5604.0,0,367.0,3,467.0,1,1,0,1,367.0,49,0,0,0.0,0,0,0,1,0.0,0,19
9600.0,1,800.0,3,800.0,1,1,0,0,0.0,83,0,0,800.0,1,0,1,0,0.0,0,26
11592.0,1,364.0,3,966.0,2,1,1,0,0.0,11,0,0,0.0,0,0,0,1,0.0,0,55
9396.0,0,783.0,5,783.0,1,4,1,1,783.0,5,1,0,0.0,0,1,0,0,0.0,0,35
16800.0,1,1400.0,3,1400.0,1,2,0,0,0.0,2,1,0,1400.0,1,1,0,0,0.0,1,50
13308.0,0,925.0,4,1109.0,2,2,1,1,526.0,27,0,0,0.0,0,0,0,1,0.0,1,20
19308.0,0,1023.0,3,1609.0,1,1,1,1,302.0,25,0,0,0.0,0,0,0,1,0.0,0,24
4164.0,1,347.0,3,347.0,2,1,1,0,347.0,21,1,0,0.0,0,0,0,1,0.0,0,24
5100.0,1,425.0,4,425.0,1,2,1,0,425.0,50,1,0,0.0,0,0,0,1,0.0,0,26
0.0,0,0.0,3,0.0,4,1,1,1,0.0,108,0,0,0.0,0,0,0,1,0.0,0,20
21396.0,1,1387.0,4,1783.0,1,3,0,0,0.0,65,1,0,962.0,1,1,0,0,425.0,0,37
18000.0,1,1500.0,4,1500.0,1,2,0,0,0.0,38,0,0,1500.0,1,0,0,1,0.0,1,41
14196.0,0,1183.0,4,1183.0,3,6,1,0,583.0,103,0,0,600.0,1,0,0,1,0.0,0,24
12720.0,0,1060.0,4,1060.0,2,4,1,0,485.0,26,1,0,0.0,0,1,0,0,0.0,1,28
11424.0,1,0.0,6,952.0,2,8,1,0,0.0,133,0,0,0.0,0,0,1,0,0.0,0,35
9528.0,1,794.0,3,794.0,2,2,1,0,628.0,36,1,0,0.0,0,0,1,0,166.0,0,27
0.0,1,0.0,4,0.0,1,2,0,0,0.0,37,1,0,0.0,0,0,0,1,0.0,2,33
8400.0,0,700.0,6,700.0,1,5,1,0,700.0,1,0,0,0.0,0,0,1,0,0.0,0,35
10380.0,1,690.0,5,865.0,1,3,1,0,690.0,18,0,0,0.0,0,0,0,1,0.0,1,27
9252.0,1,771.0,3,771.0,1,2,1,0,526.0,1,1,0,0.0,0,1,0,0,0.0,1,28
7500.0,1,525.0,3,625.0,3,1,0,0,525.0,113,1,0,0.0,0,0,0,1,0.0,0,39
20400.0,0,1700.0,2,1700.0,1,1,0,0,0.0,38,1,0,1700.0,1,1,0,0,0.0,0,33
6300.0,1,525.0,4,525.0,1,2,1,0,525.0,37,0,0,0.0,0,0,0,1,0.0,2,23
19560.0,0,530.0,5,1630.0,1,3,1,0,530.0,24,0,0,0.0,0,0,0,1,0.0,1,31
6804.0,0,567.0,3,567.0,5,2,0,1,567.0,78,1,0,0.0,0,0,0,1,0.0,0,38
5160.0,1,230.0,3,430.0,1,1,1,0,90.0,31,0,0,0.0,0,0,0,1,140.0,1,25
15084.0,1,1257.0,4,1257.0,1,3,0,0,559.0,16,1,0,0.0,0,1,0,0,0.0,1,28
4164.0,0,347.0,2,347.0,1,1,1,1,347.0,1,1,0,0.0,0,1,0,0,0.0,1,21
0.0,1,0.0,2,0.0,1,1,0,0,0.0,3,0,1,0.0,0,0,1,0,0.0,2,26
11424.0,0,952.0,6,952.0,2,10,1,1,952.0,127,1,0,0.0,0,0,1,0,0.0,0,32
10800.0,1,900.0,3,900.0,1,2,0,0,0.0,2,0,0,900.0,1,0,1,0,0.0,0,25
0.0,1,0.0,3,0.0,2,1,0,0,0.0,14,1,1,0.0,0,0,0,1,0.0,2,33
6120.0,1,310.0,3,510.0,1,1,1,0,200.0,12,1,0,110.0,1,1,0,0,0.0,1,18
0.0,0,0.0,5,0.0,1,4,0,1,0.0,88,1,0,0.0,0,1,0,0,0.0,0,37
6000.0,1,500.0,3,500.0,4,2,1,0,500.0,96,1,0,0.0,0,1,0,0,0.0,1,27
6912.0,0,576.0,3,576.0,1,1,1,1,526.0,32,0,0,0.0,0,0,0,1,0.0,0,26
8868.0,1,739.0,2,739.0,1,1,0,0,18.0,5,1,0,0.0,0,1,0,0,0.0,2,59
4860.0,0,405.0,3,405.0,1,2,1,1,405.0,6,1,0,0.0,0,1,0,0,0.0,0,25
4404.0,0,367.0,3,367.0,1,1,0,0,367.0,88,0,0,0.0,0,0,0,1,0.0,0,25
21372.0,1,1581.0,5,1781.0,1,3,1,0,600.0,30,0,0,400.0,1,0,0,1,0.0,0,23
2400.0,1,0.0,3,200.0,2,1,0,0,0.0,28,1,0,0.0,0,0,0,1,0.0,0,41
0.0,1,0.0,3,0.0,3,2,0,0,0.0,93,1,0,0.0,0,1,0,0,0.0,1,51
4404.0,1,367.0,2,367.0,1,1,1,0,367.0,33,1,0,0.0,0,1,0,0,0.0,0,27
12288.0,0,1024.0,3,1024.0,1,2,1,0,526.0,43,1,0,0.0,0,1,0,0,0.0,1,28
7200.0,1,600.0,3,600.0,2,2,0,0,0.0,75,1,0,600.0,1,1,0,0,0.0,0,33
6456.0,0,538.0,4,538.0,1,2,1,0,538.0,38,0,0,0.0,0,0,1,0,0.0,0,35
4572.0,0,381.0,2,381.0,1,1,0,1,381.0,25,1,0,0.0,0,0,1,0,0.0,0,26
12948.0,1,1079.0,2,1079.0,1,1,1,0,54.0,3,1,0,0.0,0,1,0,0,0.0,0,34
19560.0,0,1630.0,6,1630.0,4,5,0,0,650.0,35,1,0,980.0,1,1,0,0,0.0,0,31
14376.0,0,1198.0,2,1198.0,1,1,0,1,358.0,4,1,0,840.0,1,1,0,0,0.0,0,29
4440.0,0,370.0,2,370.0,1,1,0,1,370.0,62,0,0,0.0,0,0,0,1,0.0,0,20
17760.0,1,806.0,2,1480.0,1,1,1,0,132.0,9,0,0,0.0,0,0,1,0,0.0,2,33
22560.0,1,280.0,3,1880.0,2,1,0,0,280.0,44,0,0,0.0,0,0,0,1,0.0,1,41
20640.0,1,1720.0,5,1720.0,1,4,0,0,0.0,17,1,0,1720.0,1,1,0,0,0.0,0,46
6000.0,0,500.0,2,500.0,1,1,0,0,0.0,7,1,0,500.0,1,1,0,0,0.0,0,25
3000.0,0,250.0,3,250.0,2,1,0,1,0.0,53,1,0,250.0,1,1,0,0,0.0,0,21
9360.0,1,780.0,5,780.0,1,3,1,0,780.0,37,0,0,0.0,0,0,0,1,0.0,0,28
11976.0,1,898.0,4,998.0,1,2,1,0,498.0,31,0,0,400.0,1,0,0,1,0.0,0,23
7212.0,1,601.0,2,601.0,2,1,1,0,365.0,88,0,0,0.0,0,0,1,0,236.0,1,27
2400.0,0,200.0,2,200.0,1,1,0,1,0.0,59,1,0,0.0,0,1,0,0,200.0,0,30
9600.0,1,800.0,3,800.0,1,2,1,0,90.0,5,1,1,0.0,0,1,0,0,0.0,2,51
14352.0,0,1196.0,6,1196.0,1,5,1,0,296.0,83,1,0,0.0,0,1,0,0,0.0,0,32
8388.0,0,699.0,2,699.0,1,1,1,0,300.0,69,1,0,0.0,0,1,0,0,0.0,0,23
5280.0,1,440.0,2,440.0,1,1,1,0,0.0,73,1,0,0.0,0,1,0,0,0.0,1,23
9516.0,0,793.0,5,793.0,1,4,1,1,793.0,26,0,0,0.0,0,0,1,0,0.0,1,40
6804.0,0,367.0,3,567.0,4,1,1,1,367.0,31,1,0,0.0,0,0,0,1,0.0,1,38
8028.0,0,669.0,2,669.0,4,1,1,1,369.0,39,1,0,300.0,1,0,1,0,0.0,0,32
23580.0,0,1267.0,4,1965.0,3,3,0,1,170.0,65,1,0,0.0,0,1,0,0,399.0,2,40
3600.0,0,300.0,3,300.0,1,1,1,0,300.0,58,0,0,0.0,0,0,0,1,0.0,0,20
2400.0,0,200.0,3,200.0,2,2,0,1,200.0,1,0,0,0.0,0,0,1,0,0.0,0,24
5964.0,1,0.0,4,497.0,4,2,0,0,0.0,20,0,1,0.0,0,0,0,1,0.0,0,30
9480.0,0,790.0,4,790.0,3,3,1,1,790.0,85,0,0,0.0,0,0,1,0,0.0,0,33
3960.0,0,330.0,2,330.0,1,1,1,1,330.0,43,0,0,0.0,0,0,1,0,0.0,1,28
6312.0,0,526.0,3,526.0,1,2,0,0,526.0,7,1,0,0.0,0,1,0,0,0.0,0,29
3000.0,1,250.0,5,250.0,2,3,0,0,250.0,48,1,1,0.0,0,0,0,1,0.0,1,39
4800.0,0,400.0,2,400.0,1,1,1,1,400.0,38,1,0,0.0,0,1,0,0,0.0,0,25
4800.0,0,0.0,4,400.0,1,2,1,0,0.0,100,0,1,0.0,0,0,0,1,0.0,1,22
9000.0,1,750.0,2,750.0,1,1,0,0,300.0,3,1,0,450.0,1,1,0,0,0.0,0,23
4788.0,1,399.0,2,399.0,1,1,1,0,0.0,25,1,0,0.0,0,1,0,0,399.0,1,22
4404.0,0,367.0,2,367.0,2,1,0,1,367.0,7,1,1,0.0,0,1,0,0,0.0,1,20
13320.0,1,1110.0,4,1110.0,1,2,0,0,560.0,47,0,0,550.0,1,0,1,0,0.0,1,39
3456.0,1,288.0,2,288.0,1,1,1,0,288.0,118,1,0,0.0,0,1,0,0,0.0,2,43
6312.0,0,526.0,3,526.0,4,2,1,1,526.0,42,1,1,0.0,0,0,1,0,0.0,0,22
4320.0,1,360.0,3,360.0,1,1,0,0,360.0,4,0,0,0.0,0,0,0,1,0.0,0,20
6804.0,0,367.0,3,567.0,2,1,1,0,367.0,37,0,0,0.0,0,0,1,0,0.0,0,25
0.0,0,0.0,3,0.0,2,1,0,1,0.0,29,1,0,0.0,0,0,0,1,0.0,1,27
12000.0,0,1000.0,6,1000.0,1,4,1,1,700.0,17,0,0,0.0,0,0,0,1,0.0,0,26
5904.0,1,492.0,3,492.0,1,2,0,0,492.0,32,0,0,0.0,0,0,0,1,0.0,0,44
8016.0,1,668.0,4,668.0,1,3,0,0,668.0,47,0,0,0.0,0,0,1,0,0.0,1,33
0.0,0,0.0,3,0.0,1,2,0,1,0.0,7,1,0,0.0,0,1,0,0,0.0,1,32
8160.0,0,680.0,2,680.0,7,1,0,1,380.0,39,1,1,300.0,1,1,0,0,0.0,1,26
10092.0,1,841.0,2,841.0,1,1,1,0,167.0,24,1,1,0.0,0,1,0,0,0.0,2,45
23112.0,1,1926.0,6,1926.0,1,5,1,0,846.0,68,1,0,0.0,0,1,0,0,0.0,1,43
18600.0,0,1550.0,3,1550.0,1,2,1,1,650.0,32,0,0,0.0,0,0,1,0,0.0,0,40
4620.0,1,385.0,2,385.0,2,1,1,0,385.0,86,1,0,0.0,0,0,1,0,0.0,0,34
6312.0,0,526.0,3,526.0,1,2,1,0,526.0,29,1,1,0.0,0,1,0,0,0.0,2,25
12600.0,0,1050.0,5,1050.0,3,3,1,0,525.0,36,1,0,0.0,0,0,1,0,0.0,0,24
6492.0,1,541.0,2,541.0,1,1,0,0,0.0,45,0,0,0.0,0,0,1,0,0.0,0,50
4320.0,0,360.0,2,360.0,1,1,0,0,360.0,28,1,0,0.0,0,1,0,0,0.0,0,23
9504.0,0,367.0,3,792.0,2,1,1,1,367.0,45,1,1,0.0,0,0,0,1,0.0,0,50
3840.0,0,320.0,3,320.0,1,1,1,1,320.0,108,0,0,0.0,0,0,1,0,0.0,0,42
0.0,0,0.0,6,0.0,1,5,0,1,0.0,79,1,0,0.0,0,1,0,0,0.0,2,37
4404.0,1,367.0,2,367.0,1,1,1,0,367.0,1,1,0,0.0,0,1,0,0,0.0,2,38
4416.0,1,368.0,2,368.0,1,1,1,0,368.0,143,0,0,0.0,0,0,1,0,0.0,0,54
8412.0,1,701.0,4,701.0,2,2,0,0,201.0,193,0,0,0.0,0,0,0,1,0.0,1,42
7668.0,1,639.0,4,639.0,1,2,1,0,639.0,320,1,1,0.0,0,0,0,1,0.0,0,56
11868.0,0,989.0,3,989.0,1,2,0,1,500.0,7,0,0,0.0,0,0,0,1,0.0,0,21
7860.0,1,655.0,3,655.0,2,1,0,0,367.0,13,0,0,0.0,0,0,1,0,0.0,0,20
12000.0,0,0.0,4,1000.0,2,2,0,0,0.0,6,1,0,0.0,0,0,0,1,0.0,0,32
4404.0,1,367.0,2,367.0,1,1,1,0,367.0,9,0,0,0.0,0,0,1,0,0.0,0,28
14556.0,1,1213.0,4,1213.0,1,2,1,0,630.0,6,0,0,0.0,0,0,1,0,0.0,1,43
8844.0,1,737.0,3,737.0,1,2,0,0,425.0,2,1,0,0.0,0,1,0,0,0.0,0,25
3336.0,1,278.0,2,278.0,1,1,1,0,278.0,6,1,0,0.0,0,1,0,0,0.0,0,24
3840.0,1,320.0,2,320.0,1,1,1,0,320.0,10,0,0,0.0,0,0,1,0,0.0,0,27
8748.0,1,729.0,2,729.0,1,1,1,0,330.0,101,0,0,0.0,0,0,1,0,0.0,2,33
7320.0,0,610.0,3,610.0,1,2,0,1,160.0,2,1,0,450.0,1,1,0,0,0.0,0,35
4560.0,1,380.0,3,380.0,2,1,1,0,380.0,7,1,1,0.0,0,0,0,1,0.0,0,32
3600.0,0,300.0,3,300.0,1,2,0,0,0.0,3,1,0,0.0,0,1,0,0,300.0,0,29
9516.0,1,793.0,6,793.0,1,4,0,0,793.0,10,0,0,0.0,0,0,0,1,0.0,1,34
16224.0,0,1352.0,9,1352.0,1,7,1,0,1352.0,23,0,0,0.0,0,0,1,0,0.0,1,33
4872.0,1,406.0,3,406.0,1,2,1,0,406.0,12,0,0,0.0,0,0,1,0,0.0,0,37
13740.0,0,1145.0,2,1145.0,7,1,1,0,275.0,12,1,1,870.0,1,1,0,0,0.0,0,36
2400.0,0,200.0,3,200.0,1,2,1,1,0.0,24,1,0,0.0,0,1,0,0,200.0,0,26
23580.0,1,1965.0,5,1965.0,1,8,0,0,381.0,221,0,0,0.0,0,0,1,0,0.0,0,38
13920.0,1,1060.0,3,1160.0,2,2,1,0,362.0,1,0,0,0.0,0,0,0,1,0.0,1,33
57588.0,1,4799.0,2,4799.0,1,1,0,0,0.0,3,0,0,399.0,1,0,1,0,0.0,0,35
12720.0,1,360.0,3,1060.0,1,1,1,0,360.0,32,1,0,0.0,0,1,0,0,0.0,0,44
2400.0,1,200.0,4,200.0,1,3,0,0,0.0,1,1,0,200.0,1,1,0,0,0.0,0,34
0.0,1,0.0,2,0.0,1,1,1,0,0.0,66,1,0,0.0,0,1,0,0,0.0,0,24
8760.0,0,730.0,3,730.0,1,2,1,0,200.0,54,0,0,0.0,0,0,0,1,0.0,1,22
11112.0,1,926.0,2,926.0,1,1,1,0,526.0,7,1,0,400.0,1,1,0,0,0.0,1,29
27300.0,0,530.0,3,2275.0,6,1,1,0,530.0,113,1,0,0.0,0,0,1,0,0.0,0,22
15600.0,1,1300.0,5,1300.0,1,3,1,0,600.0,156,1,0,700.0,1,1,0,0,0.0,1,27
14124.0,1,1177.0,3,1177.0,1,1,1,0,585.0,54,0,0,0.0,0,0,0,1,0.0,0,23
17940.0,0,805.0,2,1495.0,2,1,1,0,805.0,32,1,0,0.0,0,0,1,0,0.0,0,33
6912.0,1,526.0,3,576.0,2,1,1,0,526.0,77,1,0,0.0,0,0,0,1,0.0,0,22
11952.0,1,996.0,5,996.0,1,4,1,0,650.0,71,0,0,0.0,0,0,1,0,0.0,0,31
4800.0,0,400.0,4,400.0,1,3,1,0,400.0,14,1,0,0.0,0,1,0,0,0.0,1,24
960.0,0,80.0,3,80.0,5,2,0,1,0.0,52,1,1,0.0,0,1,0,0,0.0,0,35
2112.0,0,176.0,6,176.0,2,5,1,0,0.0,57,0,0,176.0,1,0,1,0,0.0,0,23
6240.0,0,520.0,3,520.0,2,2,1,0,520.0,89,0,0,0.0,0,0,1,0,0.0,0,43
9528.0,1,794.0,3,794.0,1,2,1,0,397.0,30,1,0,397.0,1,1,0,0,0.0,0,51
6924.0,1,577.0,3,577.0,2,1,0,0,527.0,44,1,0,0.0,0,0,0,1,50.0,2,36
7800.0,0,650.0,5,650.0,1,3,0,1,650.0,7,0,0,0.0,0,0,1,0,0.0,0,36
12420.0,0,1035.0,2,1035.0,3,1,1,1,535.0,124,0,0,500.0,1,0,1,0,0.0,0,27
4320.0,0,360.0,2,360.0,1,1,1,0,360.0,4,0,0,0.0,0,0,0,1,0.0,0,31
1428.0,1,119.0,2,119.0,1,1,1,0,0.0,121,1,0,119.0,1,1,0,0,0.0,1,30
7200.0,0,600.0,4,600.0,1,3,1,1,600.0,24,0,0,0.0,0,0,1,0,0.0,1,31
0.0,1,0.0,3,0.0,1,2,0,0,0.0,1,1,0,0.0,0,1,0,0,0.0,0,27
8016.0,0,668.0,3,668.0,4,2,1,1,668.0,27,0,0,0.0,0,0,1,0,0.0,0,40
6720.0,0,560.0,2,560.0,1,1,0,0,360.0,5,0,0,0.0,0,0,1,0,200.0,0,25
7056.0,0,588.0,4,588.0,6,3,1,0,568.0,18,1,0,0.0,0,1,0,0,20.0,0,27
15576.0,1,1049.0,3,1298.0,1,1,0,0,249.0,94,0,0,800.0,1,0,0,1,0.0,2,46
12432.0,0,338.0,2,1036.0,2,1,1,1,50.0,28,0,0,0.0,0,0,1,0,0.0,2,40
11892.0,0,991.0,3,991.0,1,2,0,0,0.0,1,1,0,0.0,0,1,0,0,591.0,1,30
5520.0,1,460.0,2,460.0,1,1,1,0,460.0,2,0,0,0.0,0,0,1,0,0.0,0,38
8256.0,0,688.0,3,688.0,1,2,1,0,688.0,17,0,0,0.0,0,0,1,0,0.0,0,44
17016.0,0,1418.0,5,1418.0,3,4,1,1,720.0,37,1,0,0.0,0,1,0,0,0.0,1,37
2400.0,0,0.0,3,200.0,6,1,0,1,0.0,70,1,1,0.0,0,1,0,0,0.0,2,22
0.0,0,0.0,5,0.0,2,4,0,1,0.0,28,1,0,0.0,0,1,0,0,0.0,2,31
6276.0,1,523.0,3,523.0,1,2,0,0,523.0,53,1,0,0.0,0,1,0,0,0.0,0,33
29004.0,0,1600.0,3,2417.0,2,2,0,0,0.0,57,1,0,0.0,0,1,0,0,0.0,0,50
7200.0,0,600.0,3,600.0,3,2,0,0,0.0,49,0,0,600.0,1,0,1,0,0.0,0,24
20724.0,0,527.0,3,1727.0,1,1,1,0,527.0,2,0,0,0.0,0,0,1,0,0.0,0,25
7920.0,0,660.0,4,660.0,1,3,0,0,660.0,20,1,0,0.0,0,1,0,0,0.0,0,23
1200.0,0,100.0,5,100.0,2,4,0,1,0.0,34,1,0,100.0,1,1,0,0,0.0,2,28
7800.0,1,650.0,3,650.0,1,2,1,0,650.0,90,1,0,0.0,0,1,0,0,0.0,0,27
10800.0,1,900.0,2,900.0,1,1,0,0,0.0,4,1,0,900.0,1,1,0,0,0.0,0,26
9600.0,1,800.0,3,800.0,2,2,1,0,400.0,1,1,0,0.0,0,1,0,0,400.0,0,23
18312.0,1,526.0,4,1526.0,2,2,1,0,526.0,3,0,1,0.0,0,0,0,1,0.0,0,24
8280.0,0,690.0,3,690.0,1,2,1,1,291.0,2,1,0,0.0,0,1,0,0,0.0,0,28
14436.0,1,505.0,4,1203.0,1,2,1,0,505.0,1,0,0,0.0,0,0,0,1,0.0,1,42
4404.0,1,367.0,2,367.0,1,1,1,0,367.0,44,1,0,0.0,0,1,0,0,0.0,0,23
6600.0,1,550.0,3,550.0,2,1,0,0,200.0,4,0,0,0.0,0,0,1,0,0.0,1,22
16476.0,1,567.0,4,1373.0,1,3,0,0,0.0,2,1,0,0.0,0,1,0,0,164.0,0,36
6312.0,0,526.0,4,526.0,1,3,0,0,526.0,1,1,0,0.0,0,1,0,0,0.0,2,36
4380.0,1,365.0,2,365.0,1,1,1,0,365.0,1,0,0,0.0,0,0,1,0,0.0,0,25
4800.0,0,400.0,2,400.0,1,1,0,0,0.0,5,1,0,0.0,0,1,0,0,0.0,0,24
1500.0,0,125.0,3,125.0,3,1,0,0,0.0,1,0,0,125.0,1,0,0,1,0.0,0,41
0.0,1,0.0,2,0.0,2,1,0,0,0.0,47,0,0,0.0,0,0,1,0,0.0,1,26
19200.0,0,1600.0,4,1600.0,1,3,1,1,100.0,87,0,0,1500.0,1,0,1,0,0.0,0,24
15840.0,1,770.0,5,1320.0,4,3,1,0,770.0,88,1,1,0.0,0,0,0,1,0.0,2,27
6000.0,0,0.0,3,500.0,3,1,0,1,0.0,11,1,0,0.0,0,0,0,1,0.0,1,26
4404.0,1,367.0,3,367.0,1,1,0,0,367.0,2,0,0,0.0,0,0,0,1,0.0,0,19
16800.0,0,1400.0,3,1400.0,7,2,1,0,400.0,25,1,1,1000.0,1,1,0,0,0.0,0,20
0.0,1,0.0,3,0.0,1,1,0,0,0.0,7,0,0,0.0,0,0,0,1,0.0,0,30
0.0,1,0.0,4,0.0,1,2,0,0,0.0,2,0,0,0.0,0,0,1,0,0.0,1,26
2400.0,0,200.0,3,200.0,1,1,0,0,0.0,31,0,0,200.0,1,0,0,1,0.0,0,21
4800.0,1,400.0,2,400.0,1,1,0,0,0.0,153,1,0,400.0,1,1,0,0,0.0,1,51
6312.0,1,526.0,3,526.0,1,1,0,0,526.0,20,1,0,0.0,0,1,0,0,0.0,2,27
4344.0,1,362.0,2,362.0,1,1,1,0,362.0,11,0,0,0.0,0,0,1,0,0.0,1,38
6420.0,1,535.0,2,535.0,1,1,0,0,535.0,6,0,0,0.0,0,0,1,0,0.0,1,28
6324.0,0,527.0,3,527.0,1,2,1,0,527.0,6,1,0,0.0,0,1,0,0,0.0,0,26
9072.0,0,586.0,3,756.0,1,1,0,0,286.0,93,0,0,300.0,1,0,0,1,0.0,0,25
12996.0,1,1083.0,3,1083.0,1,1,1,0,83.0,21,0,0,1000.0,1,0,0,1,0.0,1,22
0.0,1,0.0,3,0.0,1,2,1,0,0.0,19,0,1,0.0,0,0,0,1,0.0,0,22
2172.6,1,181.05,2,181.05,1,1,0,0,0.0,1,1,0,0.0,0,1,0,0,0.0,2,25
0.0,0,0.0,5,0.0,2,4,0,1,0.0,55,1,0,0.0,0,1,0,0,0.0,1,31
9528.0,1,794.0,5,794.0,2,3,1,0,794.0,85,1,0,0.0,0,0,1,0,0.0,0,24
2400.0,0,200.0,3,200.0,2,2,1,0,200.0,76,1,0,0.0,0,1,0,0,0.0,2,21
0.0,0,0.0,2,0.0,1,1,0,0,0.0,1,0,0,0.0,0,0,1,0,0.0,0,29
10488.0,1,874.0,2,874.0,3,1,0,0,274.0,265,1,1,400.0,1,1,0,0,200.0,0,28
4380.0,0,365.0,2,365.0,1,1,1,0,365.0,2,1,0,0.0,0,1,0,0,0.0,0,33
6288.0,0,524.0,8,524.0,3,7,1,1,524.0,215,1,0,0.0,0,0,1,0,0.0,0,28
12840.0,0,1070.0,2,1070.0,2,1,0,1,360.0,6,1,0,0.0,0,1,0,0,0.0,1,37
7236.0,1,603.0,4,603.0,1,3,0,0,603.0,1,0,0,0.0,0,0,1,0,0.0,1,29
4800.0,0,200.0,3,400.0,3,1,1,1,200.0,4,1,0,0.0,0,0,0,1,0.0,2,28
9432.0,1,726.0,4,786.0,1,2,0,0,526.0,35,0,0,0.0,0,0,0,1,200.0,0,34
14868.0,1,1239.0,3,1239.0,1,2,0,0,439.0,2,0,0,800.0,1,0,1,0,0.0,0,24
12600.0,0,1050.0,2,1050.0,1,1,0,0,352.0,74,0,0,0.0,0,0,1,0,0.0,1,51
3936.0,0,328.0,4,328.0,1,2,1,1,328.0,40,0,0,0.0,0,0,1,0,0.0,0,36
6000.0,1,500.0,4,500.0,1,2,1,0,500.0,28,0,0,0.0,0,0,1,0,0.0,1,50
9216.0,0,768.0,4,768.0,6,2,1,1,568.0,56,0,0,0.0,0,0,0,1,0.0,0,35
7464.0,0,622.0,3,622.0,1,2,1,0,435.0,21,1,0,0.0,0,1,0,0,187.0,1,27
12000.0,0,500.0,5,1000.0,1,4,0,1,500.0,2,1,0,0.0,0,1,0,0,0.0,0,31
4032.0,1,336.0,2,336.0,1,1,0,0,336.0,11,1,0,0.0,0,1,0,0,0.0,0,29
9024.0,1,752.0,7,752.0,2,5,1,0,752.0,1,0,0,0.0,0,0,0,1,0.0,0,31
4560.0,0,380.0,5,380.0,1,4,0,1,380.0,1,1,0,0.0,0,1,0,0,0.0,0,33
12156.0,0,663.0,5,1013.0,1,3,1,1,663.0,18,0,0,0.0,0,0,0,1,0.0,0,25
18816.0,1,698.0,4,1568.0,1,2,1,0,300.0,52,0,0,0.0,0,0,0,1,0.0,0,23
7800.0,0,650.0,2,650.0,2,2,1,0,200.0,225,0,0,450.0,1,0,1,0,0.0,1,22
4200.0,0,350.0,4,350.0,5,2,0,1,0.0,2,0,0,350.0,1,0,1,0,0.0,0,38
22800.0,1,1900.0,2,1900.0,1,1,0,0,0.0,6,0,0,1900.0,1,0,1,0,0.0,0,28
7200.0,1,0.0,5,600.0,1,3,0,0,0.0,124,1,0,0.0,0,1,0,0,0.0,2,35
0.0,1,0.0,2,0.0,1,1,1,0,0.0,1,0,0,0.0,0,0,1,0,0.0,1,33
0.0,0,0.0,2,0.0,1,1,0,1,0.0,72,0,0,0.0,0,0,0,1,0.0,1,29
10692.0,0,891.0,4,891.0,1,2,0,1,375.0,4,0,0,0.0,0,0,0,1,0.0,0,39
0.0,0,0.0,2,0.0,1,1,0,1,0.0,115,1,0,0.0,0,0,1,0,0.0,0,20
23616.0,0,604.0,6,1968.0,1,5,0,0,604.0,77,1,0,0.0,0,1,0,0,0.0,0,35
2400.0,0,200.0,2,200.0,1,1,0,1,200.0,7,1,0,0.0,0,1,0,0,0.0,1,29
45600.0,0,1800.0,3,3800.0,1,1,1,1,0.0,6,1,0,0.0,0,1,0,0,0.0,0,36
13800.0,1,1150.0,3,1150.0,1,2,0,0,500.0,56,1,0,550.0,1,1,0,0,100.0,1,26
54000.0,1,500.0,3,4500.0,1,1,0,0,0.0,2,0,0,500.0,1,0,1,0,0.0,0,20
0.0,0,0.0,3,0.0,1,2,0,0,0.0,34,1,0,0.0,0,0,1,0,0.0,0,29
10560.0,1,880.0,4,880.0,2,3,0,0,600.0,10,1,0,0.0,0,1,0,0,280.0,0,25
6000.0,1,500.0,3,500.0,1,2,0,0,0.0,171,1,0,500.0,1,0,0,1,0.0,0,46
11016.0,1,0.0,4,918.0,1,2,1,0,0.0,2,1,0,0.0,0,1,0,0,0.0,2,28
29400.0,0,1094.0,6,2450.0,1,5,1,0,544.0,1,1,0,0.0,0,1,0,0,0.0,2,33
38028.0,0,1769.0,4,3169.0,1,3,0,1,669.0,57,1,0,800.0,1,1,0,0,0.0,0,28
0.0,0,0.0,2,0.0,1,1,0,1,0.0,4,1,0,0.0,0,1,0,0,0.0,2,41
11880.0,1,990.0,2,990.0,2,1,1,0,340.0,1,1,0,0.0,0,1,0,0,650.0,2,33
10812.0,1,203.0,2,901.0,1,1,0,0,203.0,123,1,0,0.0,0,1,0,0,0.0,0,55
0.0,1,0.0,2,0.0,1,1,0,0,0.0,46,1,0,0.0,0,1,0,0,0.0,0,21
5616.0,1,468.0,3,468.0,1,1,1,0,468.0,10,0,0,0.0,0,0,0,1,0.0,2,30
38196.0,0,1450.0,5,3183.0,1,3,0,1,350.0,2,1,0,1100.0,1,0,0,1,0.0,0,32
13320.0,0,1110.0,4,1110.0,1,2,1,1,460.0,4,0,0,0.0,0,0,1,0,650.0,2,26
0.0,0,0.0,3,0.0,2,2,0,1,0.0,30,0,0,0.0,0,0,1,0,0.0,0,29
21492.0,1,1091.0,3,1791.0,1,1,0,0,223.0,1,0,0,469.0,1,0,1,0,0.0,1,47
38976.0,1,748.0,4,3248.0,2,2,1,0,350.0,46,1,0,0.0,0,0,0,1,0.0,0,45
6312.0,1,526.0,2,526.0,1,1,1,0,366.0,1,1,0,0.0,0,1,0,0,0.0,0,22
7416.0,1,618.0,5,618.0,1,4,0,0,618.0,57,1,0,0.0,0,1,0,0,0.0,1,40
10788.0,1,899.0,5,899.0,2,3,0,0,700.0,5,0,0,0.0,0,0,1,0,199.0,0,41
4800.0,0,400.0,2,400.0,2,1,0,0,0.0,70,1,0,400.0,1,0,0,1,0.0,0,22
11952.0,0,996.0,3,996.0,1,1,0,0,298.0,1,0,0,0.0,0,0,0,1,0.0,0,40
12768.0,1,264.0,3,1064.0,1,1,1,0,264.0,1,0,0,0.0,0,0,0,1,0.0,0,27
16380.0,0,669.0,5,1365.0,1,3,1,0,669.0,96,1,0,0.0,0,1,0,0,0.0,0,24
11988.0,1,999.0,4,999.0,1,3,1,0,499.0,2,0,0,0.0,0,0,1,0,0.0,1,28
9000.0,0,200.0,4,750.0,2,2,0,1,0.0,27,0,0,200.0,1,0,0,1,0.0,1,24
12636.0,0,1053.0,4,1053.0,5,3,0,1,355.0,23,1,1,0.0,0,0,1,0,0.0,0,25
15156.0,1,1263.0,5,1263.0,1,8,1,0,338.0,239,1,0,0.0,0,1,0,0,225.0,1,38
7920.0,0,660.0,5,660.0,3,4,1,0,660.0,8,1,0,0.0,0,1,0,0,0.0,1,27
0.0,0,0.0,2,0.0,1,1,0,1,0.0,14,0,0,0.0,0,0,1,0,0.0,0,25
11700.0,0,180.0,2,975.0,2,1,0,0,0.0,35,1,0,0.0,0,1,0,0,180.0,0,33
13906.8,0,732.0,5,1158.9,1,3,1,0,732.0,39,0,0,0.0,0,0,0,1,0.0,2,32
20004.0,0,1667.0,4,1667.0,1,3,1,0,667.0,52,0,0,0.0,0,0,1,0,0.0,0,45
8016.0,0,668.0,5,668.0,1,3,0,0,668.0,7,0,0,0.0,0,0,1,0,0.0,0,34
6288.0,1,524.0,4,524.0,2,4,1,0,224.0,74,0,0,300.0,1,0,1,0,0.0,0,22
7704.0,1,642.0,2,642.0,1,1,0,0,642.0,4,0,0,0.0,0,0,1,0,0.0,1,43
12999.96,0,1083.33,2,1083.33,1,1,0,1,0.0,4,1,0,1083.33,1,1,0,0,0.0,1,33
8640.0,0,720.0,2,720.0,1,1,0,1,0.0,53,0,0,720.0,1,0,1,0,0.0,0,40
8088.0,0,674.0,3,674.0,2,2,1,1,367.0,2,1,0,0.0,0,1,0,0,307.0,0,37
8340.0,1,695.0,2,695.0,1,1,0,0,0.0,6,0,0,0.0,0,0,1,0,0.0,0,31
0.0,0,0.0,2,0.0,1,1,0,0,0.0,54,1,0,0.0,0,1,0,0,0.0,0,50
19020.0,1,385.0,5,1585.0,1,3,1,0,385.0,80,0,0,0.0,0,0,0,1,0.0,2,27
14024.04,1,952.0,4,1168.67,2,2,1,0,454.0,10,0,0,0.0,0,0,0,1,0.0,2,34
8100.0,1,675.0,3,675.0,1,2,0,0,205.0,3,1,0,470.0,1,0,1,0,0.0,0,31
0.0,0,0.0,5,0.0,1,4,0,0,0.0,1,0,0,0.0,0,0,1,0,0.0,0,54
48000.0,1,660.0,4,4000.0,3,4,0,0,660.0,94,0,0,0.0,0,0,0,1,0.0,0,28
6000.0,0,0.0,4,500.0,1,2,0,0,0.0,93,0,0,0.0,0,0,0,1,0.0,0,38
23988.0,1,698.0,6,1999.0,1,4,1,0,0.0,53,0,0,0.0,0,0,0,1,0.0,0,37
4800.0,1,400.0,2,400.0,6,1,1,0,0.0,1,1,1,400.0,1,1,0,0,0.0,1,21
2400.0,0,200.0,5,200.0,2,4,0,1,200.0,81,1,0,0.0,0,1,0,0,0.0,1,33
0.0,0,0.0,3,0.0,1,1,0,0,0.0,41,0,0,0.0,0,0,0,1,0.0,0,33
10800.0,1,900.0,2,900.0,1,1,0,0,10.0,12,1,0,0.0,0,1,0,0,0.0,1,50
18000.0,0,1500.0,2,1500.0,1,1,0,0,0.0,16,1,0,1500.0,1,1,0,0,0.0,1,21
6936.0,0,578.0,4,578.0,1,3,1,0,418.0,2,1,0,0.0,0,1,0,0,0.0,1,38
11292.0,1,941.0,3,941.0,1,2,0,0,0.0,3,1,0,0.0,0,1,0,0,0.0,2,39
5880.0,1,490.0,3,490.0,3,2,1,0,490.0,5,1,1,0.0,0,1,0,0,0.0,2,27
4320.0,0,360.0,2,360.0,2,1,1,0,360.0,59,1,1,0.0,0,0,1,0,0.0,1,31
7200.0,1,600.0,2,600.0,1,1,0,0,0.0,49,1,0,600.0,1,1,0,0,0.0,0,28
7338.12,0,611.51,3,611.51,1,2,1,0,102.0,2,1,0,325.51,1,1,0,0,184.0,1,27
2400.0,1,200.0,2,200.0,3,1,1,0,0.0,41,0,1,0.0,0,0,1,0,200.0,0,31
11280.0,1,940.0,3,940.0,1,2,0,0,0.0,8,1,0,940.0,1,1,0,0,0.0,0,27
5472.0,1,456.0,3,456.0,1,1,0,0,153.0,127,1,0,0.0,0,1,0,0,0.0,2,35
11424.0,0,526.0,4,952.0,1,2,0,0,526.0,4,1,0,0.0,0,1,0,0,0.0,0,40
16800.0,0,300.0,3,1400.0,1,1,0,1,300.0,1,0,0,0.0,0,0,0,1,0.0,0,25
23520.0,1,230.0,3,1960.0,1,1,1,0,230.0,1,0,0,0.0,0,0,0,1,0.0,0,32
2076.0,0,173.0,2,173.0,1,1,1,0,173.0,10,1,0,0.0,0,1,0,0,0.0,0,55
4404.0,0,367.0,2,367.0,3,1,1,0,367.0,46,1,0,0.0,0,1,0,0,0.0,1,27
7128.0,0,242.0,3,594.0,2,1,1,0,242.0,53,1,0,0.0,0,0,0,1,0.0,0,35
7908.0,0,659.0,2,659.0,1,1,1,0,260.0,2,1,0,0.0,0,1,0,0,0.0,0,37
6804.0,0,367.0,3,567.0,3,1,1,0,367.0,28,0,0,0.0,0,0,1,0,0.0,2,22
0.0,0,0.0,2,0.0,1,1,1,0,0.0,63,0,0,0.0,0,0,1,0,0.0,0,27
0.0,0,0.0,7,0.0,1,5,0,1,0.0,72,1,0,0.0,0,1,0,0,0.0,0,30
0.0,1,0.0,3,0.0,1,1,0,0,0.0,17,0,0,0.0,0,0,1,0,0.0,2,39
16776.0,1,700.0,5,1398.0,1,3,1,0,700.0,53,0,0,0.0,0,0,0,1,0.0,0,26
0.0,0,0.0,9,0.0,1,7,0,0,0.0,63,0,0,0.0,0,0,0,1,0.0,0,30
9864.0,1,822.0,4,822.0,1,3,0,0,626.0,14,1,0,196.0,1,1,0,0,0.0,1,25
8160.0,1,526.0,4,680.0,3,2,0,0,526.0,99,1,1,0.0,0,0,0,1,0.0,1,42
7800.0,0,0.0,4,650.0,2,2,1,0,0.0,146,0,0,0.0,0,0,0,1,0.0,0,25
0.0,1,0.0,2,0.0,2,1,0,0,0.0,2,1,0,0.0,0,1,0,0,0.0,0,20
4404.0,0,367.0,3,367.0,3,1,1,1,367.0,1,0,1,0.0,0,0,0,1,0.0,0,20
11304.0,1,248.0,3,942.0,1,1,0,0,248.0,11,0,0,0.0,0,0,0,1,0.0,2,23
2400.0,1,200.0,3,200.0,1,1,1,0,200.0,44,1,0,0.0,0,0,0,1,0.0,2,21
16464.0,1,674.0,4,1372.0,1,2,0,0,674.0,41,0,0,0.0,0,0,1,0,0.0,0,28
19200.0,1,1600.0,2,1600.0,1,1,0,0,0.0,2,1,0,1600.0,1,1,0,0,0.0,2,20
2880.0,1,240.0,4,240.0,1,2,1,0,240.0,140,1,1,0.0,0,0,0,1,0.0,2,21
23760.0,0,1560.0,4,1980.0,3,2,1,1,660.0,111,1,0,900.0,1,0,0,1,0.0,1,26
10800.0,0,900.0,4,900.0,1,3,0,1,500.0,66,1,0,0.0,0,1,0,0,0.0,0,26
11052.0,0,921.0,6,921.0,1,4,0,0,613.0,59,0,0,308.0,1,0,0,1,0.0,1,38
7200.0,0,600.0,4,600.0,3,2,0,1,600.0,60,1,1,0.0,0,0,0,1,0.0,0,35
12324.0,1,900.0,6,1027.0,2,4,0,0,900.0,206,0,0,0.0,0,0,0,1,0.0,1,28
24180.0,0,0.0,5,2015.0,3,3,0,0,0.0,48,0,0,0.0,0,0,0,1,0.0,0,33
17376.0,0,727.0,4,1448.0,1,3,1,0,407.0,1,0,0,0.0,0,0,1,0,0.0,1,31
0.0,0,0.0,4,0.0,1,2,0,1,0.0,57,0,0,0.0,0,0,0,1,0.0,1,38
7452.0,0,415.0,2,621.0,1,1,0,1,209.0,95,1,0,0.0,0,1,0,0,206.0,2,40
0.0,0,0.0,2,0.0,1,1,0,0,0.0,1,1,0,0.0,0,1,0,0,0.0,0,42
0.0,1,0.0,4,0.0,2,2,1,0,0.0,19,1,0,0.0,0,0,1,0,0.0,1,30
2400.0,1,200.0,2,200.0,2,1,1,0,0.0,47,0,0,0.0,0,0,1,0,0.0,0,49
4404.0,1,367.0,2,367.0,1,1,1,0,367.0,1,1,0,0.0,0,1,0,0,0.0,1,33
13608.0,1,399.0,3,1134.0,1,1,1,0,0.0,1,0,0,0.0,0,0,0,1,0.0,0,18
2400.0,0,200.0,2,200.0,1,1,0,1,200.0,33,1,0,0.0,0,1,0,0,0.0,1,35
8964.0,1,647.0,4,747.0,1,2,0,0,47.0,2,0,0,600.0,1,0,0,1,0.0,0,26
0.0,0,0.0,3,0.0,1,2,1,1,0.0,30,1,0,0.0,0,1,0,0,0.0,1,27
0.0,0,0.0,4,0.0,3,3,0,0,0.0,2,1,0,0.0,0,1,0,0,0.0,1,28
0.0,1,0.0,4,0.0,3,3,1,0,0.0,273,1,1,0.0,0,0,1,0,0.0,0,22
0.0,0,0.0,4,0.0,1,6,0,1,0.0,76,1,0,0.0,0,1,0,0,0.0,0,39
4404.0,1,367.0,2,367.0,1,1,1,0,367.0,1,1,0,0.0,0,1,0,0,0.0,2,31
0.0,1,0.0,2,0.0,1,1,0,0,0.0,1,1,0,0.0,0,1,0,0,0.0,0,35
14208.0,1,698.0,4,1184.0,1,2,0,0,0.0,1,1,0,0.0,0,0,0,1,0.0,2,22
16800.0,0,1400.0,2,1400.0,1,1,0,1,0.0,2,0,0,1400.0,1,0,1,0,0.0,0,21
16119.0,1,1343.25,4,1343.25,1,3,0,0,500.0,139,1,0,0.0,0,1,0,0,843.25,2,43
11400.0,1,950.0,4,950.0,1,3,0,0,0.0,1,1,0,0.0,0,1,0,0,0.0,0,24
0.0,0,0.0,4,0.0,3,3,0,1,0.0,152,1,0,0.0,0,0,0,1,0.0,1,35
13944.0,0,1162.0,10,1162.0,1,9,1,0,0.0,4,0,0,0.0,0,0,1,0,534.0,1,39
8160.0,1,680.0,3,680.0,1,2,1,0,680.0,36,1,1,0.0,0,0,0,1,0.0,1,29
10296.0,1,858.0,5,858.0,1,6,0,0,0.0,141,1,1,0.0,0,1,0,0,0.0,1,38
0.0,1,250.0,2,0.0,1,1,1,0,0.0,19,0,0,250.0,1,0,0,1,0.0,1,28
18804.0,0,1567.0,3,1567.0,1,1,0,1,367.0,69,0,0,1200.0,1,0,0,1,0.0,0,36
4800.0,0,400.0,2,400.0,1,1,0,1,0.0,40,0,0,400.0,1,0,1,0,0.0,0,27
0.0,0,0.0,2,0.0,1,2,0,1,0.0,126,1,0,0.0,0,0,1,0,0.0,0,31
10800.0,0,900.0,2,900.0,1,1,1,1,200.0,111,0,0,700.0,1,0,1,0,0.0,1,23
4380.0,1,365.0,2,365.0,1,1,1,0,365.0,28,0,0,0.0,0,0,0,1,0.0,0,28
16080.0,0,1340.0,4,1340.0,1,3,0,0,340.0,7,0,0,1000.0,1,0,1,0,0.0,0,35
0.0,0,0.0,3,0.0,1,2,0,0,0.0,41,0,0,0.0,0,0,0,1,0.0,1,26
5976.0,0,498.0,3,498.0,3,2,1,1,498.0,32,1,0,0.0,0,1,0,0,0.0,0,46
0.0,0,0.0,2,0.0,1,1,0,1,0.0,1,0,0,0.0,0,0,1,0,0.0,0,29
0.0,0,0.0,3,0.0,1,3,0,1,0.0,85,1,0,0.0,0,1,0,0,0.0,1,49
0.0,0,0.0,2,0.0,1,1,1,1,0.0,8,0,0,0.0,0,0,1,0,0.0,1,22
2400.0,1,200.0,4,200.0,1,3,0,0,0.0,2,1,0,0.0,0,1,0,0,0.0,1,34
7884.0,0,657.0,3,657.0,1,1,0,1,657.0,83,0,0,0.0,0,0,0,1,0.0,1,43
0.0,0,0.0,4,0.0,1,3,0,1,0.0,1,0,0,0.0,0,0,1,0,0.0,0,24
4392.0,1,366.0,2,366.0,2,2,0,0,366.0,40,0,0,0.0,0,0,0,0,0.0,1,32
4800.0,0,200.0,3,400.0,1,1,0,0,200.0,83,1,1,0.0,0,1,0,0,0.0,2,29
5760.0,1,480.0,3,480.0,1,2,0,0,480.0,22,0,0,0.0,0,0,1,0,0.0,0,29
4320.0,1,360.0,2,360.0,1,1,1,0,360.0,87,1,1,0.0,0,0,0,1,0.0,2,47
10416.0,0,868.0,2,868.0,2,1,1,0,363.0,12,1,0,180.0,1,1,0,0,0.0,2,32
0.0,1,0.0,2,0.0,1,1,0,0,0.0,1,0,0,0.0,0,0,1,0,0.0,0,34
0.0,1,0.0,2,0.0,2,1,0,0,0.0,2,1,1,0.0,0,1,0,0,0.0,1,25
13536.0,1,698.0,3,1128.0,1,1,1,0,0.0,23,0,0,0.0,0,0,0,1,0.0,1,37
7020.0,1,585.0,4,585.0,1,2,1,0,585.0,79,0,0,0.0,0,0,0,1,0.0,0,36
17868.0,1,489.0,5,1489.0,1,3,0,0,0.0,50,0,0,0.0,0,0,0,1,0.0,2,40
8136.0,0,678.0,4,678.0,1,3,1,0,678.0,51,0,0,0.0,0,0,1,0,0.0,0,19
19692.0,1,540.0,5,1641.0,3,3,0,0,540.0,72,1,0,0.0,0,1,0,0,0.0,0,25
0.0,0,0.0,3,0.0,1,2,0,0,0.0,7,0,0,0.0,0,0,1,0,0.0,1,42
0.0,0,0.0,2,0.0,1,1,0,0,0.0,31,0,0,0.0,0,0,1,0,0.0,0,23
0.0,0,0.0,2,0.0,1,1,0,1,0.0,89,1,0,0.0,0,1,0,0,0.0,1,34
8004.0,0,667.0,3,667.0,3,1,1,0,367.0,69,0,0,300.0,1,0,0,1,0.0,0,46
16800.0,0,1400.0,3,1400.0,1,2,0,1,0.0,50,0,0,1400.0,1,0,1,0,0.0,0,22
0.0,0,0.0,4,0.0,2,3,1,0,0.0,36,1,0,0.0,0,1,0,0,0.0,0,27
12000.0,0,1000.0,5,1000.0,3,3,0,0,1000.0,27,1,1,0.0,0,0,0,1,0.0,0,23
0.0,0,0.0,4,0.0,1,3,0,1,0.0,90,1,0,0.0,0,1,0,0,0.0,0,31
13077.0,0,1089.75,3,1089.75,1,2,0,0,337.0,31,1,0,608.0,1,1,0,0,7.75,2,39
7200.0,0,600.0,2,600.0,1,1,0,1,600.0,4,0,0,0.0,0,0,1,0,0.0,0,38
13176.0,0,399.0,4,1098.0,1,2,1,0,399.0,5,0,0,0.0,0,0,0,1,0.0,1,42
0.0,1,0.0,5,0.0,4,8,0,0,0.0,25,1,0,0.0,0,1,0,0,0.0,0,24
3576.0,1,298.0,5,298.0,1,3,0,0,298.0,44,0,0,0.0,0,0,0,1,0.0,0,53
16056.0,1,938.0,3,1338.0,1,2,0,0,240.0,73,1,0,0.0,0,0,0,1,0.0,1,35
2796.0,0,233.0,3,233.0,3,2,1,0,233.0,118,1,0,0.0,0,1,0,0,0.0,1,46
0.0,1,0.0,3,0.0,1,1,0,0,0.0,128,0,1,0.0,0,0,1,0,0.0,1,59
4320.0,1,360.0,2,360.0,1,1,1,0,360.0,1,1,0,0.0,0,1,0,0,0.0,1,26
2292.0,0,191.0,4,191.0,6,3,1,0,0.0,50,1,1,191.0,1,1,0,0,0.0,0,26
0.0,1,0.0,4,0.0,1,2,0,0,0.0,54,0,0,0.0,0,0,0,1,0.0,2,44
6312.0,0,526.0,3,526.0,1,2,0,1,526.0,43,1,0,0.0,0,1,0,0,0.0,2,24
9192.0,0,766.0,2,766.0,4,1,1,0,281.0,40,1,0,0.0,0,1,0,0,0.0,2,36
16752.0,1,698.0,5,1396.0,1,3,0,0,0.0,20,0,0,0.0,0,0,0,1,0.0,1,42
10248.0,1,854.0,2,854.0,2,1,0,0,0.0,74,1,0,0.0,0,0,1,0,200.0,1,51
16800.0,0,1400.0,3,1400.0,1,2,0,0,0.0,144,0,0,1100.0,1,0,1,0,300.0,0,33
0.0,1,0.0,2,0.0,1,1,0,0,0.0,2,0,0,0.0,0,0,1,0,0.0,0,38
25428.0,0,2119.0,3,2119.0,1,2,1,1,364.0,38,1,0,1680.0,1,1,0,0,75.0,2,38
4800.0,0,0.0,8,400.0,2,6,0,1,0.0,45,0,0,0.0,0,0,0,1,0.0,0,36
16704.0,1,1392.0,2,1392.0,2,1,1,0,392.0,1,1,0,0.0,0,1,0,0,0.0,1,43
3444.0,1,0.0,3,287.0,3,1,0,0,0.0,74,0,1,0.0,0,0,0,1,0.0,1,25
7200.0,1,600.0,2,600.0,1,1,1,0,600.0,21,1,0,0.0,0,1,0,0,0.0,2,27
4284.0,0,357.0,2,357.0,1,1,0,1,357.0,70,0,0,0.0,0,0,1,0,0.0,0,21
4320.0,0,180.0,3,360.0,2,1,0,0,180.0,56,0,0,0.0,0,0,0,1,0.0,0,40
8808.0,0,734.0,2,734.0,1,1,0,1,367.0,1,0,0,367.0,1,0,1,0,0.0,0,42
1200.0,1,100.0,2,100.0,1,1,1,0,0.0,49,1,0,0.0,0,1,0,0,100.0,1,52
4404.0,0,367.0,2,367.0,2,1,1,1,367.0,38,1,1,0.0,0,1,0,0,0.0,0,23
24000.0,0,500.0,4,2000.0,2,3,1,1,500.0,120,1,0,0.0,0,1,0,0,0.0,0,39
0.0,0,0.0,4,0.0,1,3,0,1,0.0,8,1,0,0.0,0,1,0,0,0.0,0,46
19296.0,1,1608.0,5,1608.0,2,4,1,0,478.0,18,1,0,0.0,0,0,1,0,0.0,0,35
13200.0,0,1100.0,4,1100.0,3,3,0,0,0.0,75,1,0,1100.0,1,0,1,0,0.0,0,24
4404.0,0,367.0,2,367.0,5,1,1,1,367.0,106,1,1,0.0,0,1,0,0,0.0,0,46
0.0,1,0.0,3,0.0,2,2,0,0,0.0,30,1,0,0.0,0,1,0,0,0.0,1,27
6648.0,0,554.0,2,554.0,1,1,1,1,300.0,68,0,0,0.0,0,0,1,0,254.0,1,26
7800.0,1,500.0,3,650.0,1,1,0,0,500.0,1,0,0,0.0,0,0,0,1,0.0,0,28
3120.0,0,260.0,3,260.0,1,1,0,1,0.0,1,0,0,260.0,1,0,0,1,0.0,0,19
360.0,0,30.0,2,30.0,1,1,0,1,0.0,3,1,0,30.0,1,1,0,0,0.0,0,40
4404.0,1,367.0,4,367.0,3,2,1,0,367.0,63,1,1,0.0,0,0,1,0,0.0,0,36
11160.0,1,930.0,3,930.0,1,2,1,0,430.0,28,1,0,0.0,0,1,0,0,0.0,1,39
9960.0,1,830.0,3,830.0,1,2,0,0,400.0,2,0,1,0.0,0,0,0,1,0.0,2,62
5964.0,1,497.0,3,497.0,1,2,1,0,497.0,35,1,0,0.0,0,0,1,0,0.0,0,29
0.0,0,0.0,8,0.0,2,6,0,1,0.0,172,1,0,0.0,0,0,1,0,0.0,0,28
792.0,0,66.0,2,66.0,2,1,0,0,0.0,51,1,1,0.0,0,1,0,0,66.0,2,29
16200.0,0,1350.0,3,1350.0,1,2,0,1,350.0,15,0,0,1000.0,1,0,1,0,0.0,0,38
3804.0,1,317.0,2,317.0,1,1,0,0,317.0,31,1,0,0.0,0,1,0,0,0.0,1,49
0.0,0,0.0,7,0.0,1,6,0,1,0.0,14,1,0,0.0,0,1,0,0,0.0,0,60
17125.2,1,865.0,2,1427.1,2,1,0,0,69.0,39,1,0,0.0,0,0,1,0,0.0,1,41
0.0,0,0.0,3,0.0,1,2,1,1,0.0,5,1,0,0.0,0,1,0,0,0.0,0,28
6312.0,1,526.0,3,526.0,2,1,0,0,526.0,93,0,0,0.0,0,0,0,1,0.0,0,21
8712.0,1,363.0,3,726.0,5,1,0,0,363.0,44,1,1,0.0,0,0,0,1,0.0,0,30
3600.0,1,300.0,3,300.0,1,1,0,0,0.0,15,0,0,300.0,1,0,1,0,0.0,0,26
10512.0,0,876.0,5,876.0,4,3,0,0,320.0,75,1,0,0.0,0,0,1,0,0.0,0,27
14928.0,0,1244.0,4,1244.0,2,1,1,0,638.0,36,0,0,0.0,0,0,0,1,0.0,0,36
0.0,0,0.0,3,0.0,1,1,0,0,0.0,29,0,0,0.0,0,0,0,1,0.0,0,24
3756.0,0,157.0,3,313.0,1,1,0,1,157.0,48,0,0,0.0,0,0,0,1,0.0,2,42
4800.0,0,400.0,3,400.0,1,2,0,1,0.0,28,0,0,0.0,0,0,0,1,400.0,0,40
19152.0,1,1596.0,4,1596.0,1,3,1,0,331.0,10,1,0,0.0,0,0,1,0,0.0,0,32
4152.0,0,346.0,3,346.0,2,1,1,1,346.0,29,0,1,0.0,0,0,0,1,0.0,1,33
21600.0,1,1800.0,3,1800.0,1,2,0,0,0.0,8,0,0,1800.0,1,0,0,1,0.0,0,50
0.0,0,0.0,4,0.0,1,3,0,1,0.0,33,0,0,0.0,0,0,1,0,0.0,0,37
8400.0,1,700.0,3,700.0,1,2,1,0,700.0,36,1,0,0.0,0,1,0,0,0.0,0,41
19788.0,1,669.0,3,1649.0,1,1,0,0,270.0,28,1,0,0.0,0,0,0,1,0.0,1,22
1470.0,1,122.5,3,122.5,1,1,0,0,122.5,58,1,0,0.0,0,0,0,1,0.0,0,31
0.0,0,0.0,3,0.0,1,2,1,1,0.0,63,0,0,0.0,0,0,1,0,0.0,0,45
10200.0,0,850.0,4,850.0,3,3,1,1,600.0,51,1,0,250.0,1,0,1,0,0.0,0,26
14364.0,1,596.0,4,1197.0,1,3,1,0,596.0,2,1,0,0.0,0,1,0,0,0.0,2,39
2400.0,1,200.0,2,200.0,1,1,1,0,200.0,3,1,1,0.0,0,1,0,0,0.0,0,25
12780.0,0,1065.0,3,1065.0,3,2,1,0,525.0,19,1,0,540.0,1,0,1,0,0.0,0,39
3972.0,1,331.0,2,331.0,2,1,0,0,331.0,18,0,0,0.0,0,0,1,0,0.0,0,45
15360.0,1,680.0,3,1280.0,1,1,0,0,230.0,4,0,0,450.0,1,0,0,1,0.0,0,35
9912.0,1,826.0,3,826.0,1,2,1,0,526.0,22,1,1,0.0,0,1,0,0,300.0,0,44
3912.0,0,326.0,2,326.0,1,1,0,1,326.0,28,1,0,0.0,0,1,0,0,0.0,1,30
22116.0,0,1133.0,2,1843.0,2,1,0,1,423.0,39,1,1,0.0,0,0,1,0,0.0,0,45
23100.0,0,1925.0,3,1925.0,1,2,0,0,325.0,15,1,0,1600.0,1,1,0,0,0.0,0,22
5640.0,0,470.0,2,470.0,1,1,0,0,340.0,186,0,0,130.0,1,0,1,0,0.0,0,47
0.0,0,0.0,2,0.0,1,1,0,0,0.0,5,0,0,0.0,0,0,1,0,0.0,0,27
7200.0,0,600.0,6,600.0,2,3,0,1,600.0,95,0,0,0.0,0,0,0,1,0.0,0,48
14280.0,0,1190.0,5,1190.0,2,4,0,1,790.0,42,1,0,400.0,1,1,0,0,0.0,0,41
19200.0,1,1600.0,2,1600.0,1,1,1,0,200.0,1,1,0,0.0,0,1,0,0,0.0,2,44
4404.0,1,367.0,2,367.0,5,1,0,0,367.0,74,1,1,0.0,0,1,0,0,0.0,1,31
7584.0,0,632.0,4,632.0,2,3,1,1,632.0,23,1,0,0.0,0,1,0,0,0.0,1,28
15300.0,1,1275.0,3,1275.0,5,2,0,0,375.0,23,1,1,900.0,1,1,0,0,0.0,0,24
14016.0,1,0.0,3,1168.0,1,1,0,0,0.0,1,0,0,0.0,0,0,0,1,0.0,2,27
3600.0,0,300.0,4,300.0,2,2,0,0,300.0,37,1,0,0.0,0,0,0,1,0.0,0,21
4320.0,1,360.0,3,360.0,1,1,1,0,360.0,40,0,0,0.0,0,0,0,1,0.0,0,31
8484.0,0,707.0,2,707.0,2,1,1,0,308.0,42,0,0,0.0,0,0,1,0,0.0,0,44
3804.0,0,117.0,4,317.0,1,2,0,0,117.0,25,0,0,0.0,0,0,0,1,0.0,0,36
6240.0,0,520.0,3,520.0,3,1,0,0,0.0,80,0,1,0.0,0,0,1,0,0.0,1,27
0.0,0,0.0,4,0.0,1,1,0,1,0.0,68,0,0,0.0,0,0,0,1,0.0,0,42
11904.0,0,992.0,4,992.0,1,3,0,1,192.0,61,0,0,800.0,1,0,1,0,0.0,0,30
4080.0,1,340.0,3,340.0,2,2,0,0,340.0,3,1,0,0.0,0,1,0,0,0.0,0,21
26220.0,1,1475.0,5,2185.0,1,3,1,0,417.0,33,0,0,0.0,0,0,0,1,0.0,2,34
4800.0,0,400.0,2,400.0,1,1,1,0,350.0,6,1,0,50.0,1,1,0,0,0.0,0,30
4404.0,0,367.0,3,367.0,1,1,0,0,367.0,58,0,0,0.0,0,0,0,1,0.0,0,23
0.0,1,0.0,2,0.0,3,1,0,0,0.0,74,1,0,0.0,0,0,0,1,0.0,0,24
12000.0,1,0.0,5,1000.0,2,3,0,0,0.0,79,1,1,0.0,0,0,0,1,0.0,0,42
13896.0,1,1158.0,3,1158.0,1,2,1,0,323.0,54,1,0,700.0,1,1,0,0,135.0,0,41
12000.0,1,792.0,3,1000.0,1,1,0,0,360.0,7,0,0,0.0,0,0,0,1,0.0,1,28
27960.0,1,1420.0,3,2330.0,1,1,1,0,220.0,20,0,0,0.0,0,0,0,1,0.0,1,32
19308.0,0,1183.0,5,1609.0,2,3,1,1,600.0,94,0,0,0.0,0,0,1,0,0.0,0,24
7896.0,0,469.0,4,658.0,2,2,1,1,469.0,77,0,0,0.0,0,0,0,1,0.0,0,33
4800.0,0,400.0,2,400.0,1,1,0,1,400.0,6,1,0,0.0,0,1,0,0,0.0,0,21
20484.0,0,1507.0,4,1707.0,1,2,0,0,207.0,77,0,0,1300.0,1,0,0,1,0.0,1,44
8400.0,1,700.0,6,700.0,2,4,1,0,700.0,74,0,0,0.0,0,0,0,1,0.0,0,33
9360.0,1,780.0,5,780.0,1,4,0,0,780.0,12,1,0,0.0,0,1,0,0,0.0,0,29
5400.0,0,450.0,2,450.0,1,1,1,1,250.0,61,1,0,0.0,0,1,0,0,200.0,2,23
57528.0,0,4794.0,5,4794.0,5,4,0,0,794.0,66,1,0,0.0,0,0,1,0,0.0,2,32
6312.0,0,526.0,4,526.0,1,2,1,1,526.0,54,1,0,0.0,0,1,0,0,0.0,0,29
8460.0,0,705.0,2,705.0,1,1,1,1,545.0,77,1,0,0.0,0,1,0,0,0.0,0,21
0.0,1,0.0,6,0.0,4,5,0,0,0.0,89,1,0,0.0,0,1,0,0,0.0,0,39
16776.0,1,699.0,2,1398.0,1,1,1,0,300.0,161,1,0,0.0,0,1,0,0,399.0,1,48
13908.0,1,710.0,3,1159.0,1,1,1,0,0.0,52,0,0,0.0,0,0,0,1,0.0,1,39
16080.0,0,1340.0,5,1340.0,2,3,1,1,620.0,38,0,0,0.0,0,0,1,0,0.0,0,26
12432.0,1,1036.0,3,1036.0,1,2,1,0,460.0,71,1,1,0.0,0,1,0,0,388.0,2,38
6000.0,1,500.0,3,500.0,1,2,0,0,200.0,4,1,0,300.0,1,1,0,0,0.0,1,28
6312.0,0,526.0,3,526.0,1,2,0,1,526.0,5,1,0,0.0,0,1,0,0,0.0,1,23
10824.0,1,719.0,3,902.0,1,1,1,0,320.0,29,0,1,0.0,0,0,0,1,0.0,1,27
16920.0,1,1410.0,3,1410.0,2,2,1,0,500.0,25,1,0,0.0,0,1,0,0,200.0,1,32
8400.0,1,700.0,4,700.0,1,3,1,0,0.0,4,0,0,0.0,0,0,1,0,0.0,0,25
3600.0,1,300.0,2,300.0,1,1,1,0,300.0,3,0,0,0.0,0,0,1,0,0.0,0,23
7200.0,0,0.0,5,600.0,1,4,0,1,0.0,5,0,0,0.0,0,0,1,0,0.0,0,39
1800.0,1,0.0,3,150.0,2,1,0,0,0.0,43,0,1,0.0,0,0,1,0,0.0,0,21
22596.0,1,224.0,5,1883.0,2,3,0,0,0.0,9,1,0,0.0,0,1,0,0,0.0,0,30
5400.0,0,450.0,3,450.0,3,1,1,1,350.0,161,0,0,100.0,1,0,1,0,0.0,0,19
9600.0,0,0.0,3,800.0,1,1,0,0,0.0,5,0,0,0.0,0,0,1,0,0.0,0,32
19800.0,0,650.0,4,1650.0,10,2,0,0,650.0,31,1,1,0.0,0,0,0,1,0.0,0,23
12600.0,1,1050.0,7,1050.0,1,5,0,0,1050.0,30,0,0,0.0,0,0,0,1,0.0,0,24
9600.0,0,800.0,2,800.0,1,1,0,0,0.0,22,0,0,800.0,1,0,1,0,0.0,0,26
12084.0,0,1007.0,4,1007.0,1,3,0,1,507.0,20,0,0,0.0,0,0,0,1,0.0,2,38
19200.0,0,1600.0,5,1600.0,1,4,0,1,600.0,38,1,0,1000.0,1,1,0,0,0.0,0,31
14832.0,1,1236.0,3,1236.0,1,1,0,0,526.0,6,0,0,0.0,0,0,0,1,0.0,1,23
6312.0,1,526.0,3,526.0,1,2,1,0,526.0,55,1,1,0.0,0,1,0,0,0.0,2,28
1800.0,0,150.0,3,150.0,1,2,0,0,150.0,111,1,1,0.0,0,0,1,0,0.0,0,22
17856.0,1,1488.0,3,1488.0,3,1,0,0,488.0,61,1,0,1000.0,1,1,0,0,0.0,0,21
11520.0,1,960.0,2,960.0,1,1,1,0,260.0,4,1,0,0.0,0,1,0,0,0.0,2,26
0.0,1,0.0,4,0.0,1,3,1,0,0.0,41,1,0,0.0,0,1,0,0,0.0,0,26
7920.0,1,280.0,2,660.0,2,1,1,0,280.0,56,1,1,0.0,0,0,1,0,0.0,0,44
12384.0,1,1032.0,3,1032.0,1,1,1,0,368.0,20,0,0,664.0,1,0,0,1,0.0,1,23
27360.0,0,2280.0,3,2280.0,2,2,1,1,480.0,2,1,0,1800.0,1,1,0,0,0.0,0,29
25500.0,1,965.0,6,2125.0,1,3,0,0,0.0,4,0,0,0.0,0,0,0,1,0.0,0,28
7368.0,1,614.0,2,614.0,1,1,1,0,269.0,39,1,0,0.0,0,1,0,0,0.0,1,40
11940.0,0,995.0,3,995.0,1,2,1,0,497.0,81,1,0,0.0,0,1,0,0,0.0,0,34
0.0,1,0.0,2,0.0,1,1,0,0,0.0,104,0,0,0.0,0,0,1,0,0.0,1,32
12720.0,1,710.0,3,1060.0,1,1,1,0,360.0,24,0,0,350.0,1,0,0,1,0.0,1,26
6720.0,0,560.0,3,560.0,1,2,1,1,560.0,7,1,0,0.0,0,1,0,0,0.0,0,24
4728.0,1,394.0,2,394.0,1,1,0,0,294.0,5,1,0,0.0,0,1,0,0,0.0,0,24
24288.0,1,785.0,6,2024.0,1,4,1,0,785.0,3,0,0,0.0,0,0,1,0,0.0,1,38
18996.0,1,583.0,4,1583.0,1,2,1,0,583.0,9,0,0,0.0,0,0,0,1,0.0,0,20
0.0,0,0.0,2,0.0,1,1,0,1,0.0,4,1,0,0.0,0,1,0,0,0.0,0,23
3324.0,1,277.0,4,277.0,1,2,1,0,277.0,98,0,0,0.0,0,0,0,1,0.0,0,25
12000.0,1,1000.0,2,1000.0,1,1,0,0,0.0,6,1,0,1000.0,1,1,0,0,0.0,0,34
0.0,1,0.0,2,0.0,1,1,0,0,0.0,59,1,1,0.0,0,0,0,1,0.0,2,37
14400.0,1,1200.0,2,1200.0,1,1,0,0,0.0,4,1,0,0.0,0,1,0,0,0.0,1,24
8028.0,1,669.0,4,669.0,2,3,1,0,669.0,43,1,0,0.0,0,0,1,0,0.0,0,25
0.0,1,0.0,5,0.0,1,3,0,0,0.0,33,0,0,0.0,0,0,0,1,0.0,0,28
6720.0,1,560.0,3,560.0,1,2,1,0,185.0,32,1,0,0.0,0,1,0,0,375.0,0,28
1680.0,0,140.0,4,140.0,1,3,0,0,0.0,3,0,0,0.0,0,0,1,0,0.0,0,35
0.0,0,0.0,2,0.0,2,1,0,1,0.0,41,1,0,0.0,0,1,0,0,0.0,0,37
5964.0,1,497.0,2,497.0,1,1,0,0,497.0,3,0,0,0.0,0,0,1,0,0.0,0,57
1200.0,1,100.0,4,100.0,1,3,0,0,0.0,7,0,0,0.0,0,0,1,0,100.0,0,27
8016.0,0,668.0,2,668.0,1,1,1,0,668.0,8,1,0,0.0,0,1,0,0,0.0,0,28
5520.0,0,260.0,5,460.0,2,3,0,1,0.0,5,1,1,260.0,1,1,0,0,0.0,0,33
0.0,1,0.0,3,0.0,1,2,1,0,0.0,4,0,0,0.0,0,0,1,0,0.0,1,26
10860.0,0,705.0,3,905.0,2,1,1,1,365.0,59,0,0,0.0,0,0,0,1,340.0,0,23
0.0,0,0.0,2,0.0,4,1,0,0,0.0,32,1,1,0.0,0,0,0,1,0.0,1,23
11328.0,1,0.0,3,944.0,1,1,1,0,0.0,9,0,0,0.0,0,0,0,1,0.0,0,42
3600.0,0,300.0,3,300.0,4,1,1,1,300.0,66,1,1,0.0,0,1,0,0,0.0,0,34
11424.0,1,952.0,6,952.0,1,4,1,0,952.0,5,1,0,0.0,0,1,0,0,0.0,0,40
6300.0,0,525.0,3,525.0,1,2,0,0,525.0,27,0,0,0.0,0,0,0,1,0.0,0,28
29664.0,1,2472.0,6,2472.0,1,4,0,0,0.0,127,0,0,0.0,0,0,0,1,0.0,0,30
0.0,1,0.0,3,0.0,1,2,0,0,0.0,5,0,0,0.0,0,0,1,0,0.0,0,34
2880.0,1,240.0,3,240.0,1,1,1,0,240.0,3,0,0,0.0,0,0,1,0,0.0,1,31
38400.0,1,1600.0,3,3200.0,1,1,0,0,0.0,2,0,0,1600.0,1,0,0,1,0.0,1,22
19800.0,1,650.0,3,1650.0,1,1,0,0,430.0,5,0,0,0.0,0,0,0,1,220.0,2,28
18912.0,0,726.0,7,1576.0,1,5,0,1,676.0,53,0,0,0.0,0,0,1,0,50.0,0,39
0.0,0,0.0,6,0.0,6,4,0,0,0.0,80,1,0,0.0,0,0,1,0,0.0,1,34
21468.0,1,1789.0,5,1789.0,3,3,1,0,269.0,25,0,0,1520.0,1,0,0,1,0.0,0,32
21000.0,1,1750.0,2,1750.0,1,1,0,0,205.0,46,1,0,1200.0,1,1,0,0,345.0,0,33
14400.0,1,1200.0,6,1200.0,1,4,0,0,0.0,211,0,0,1200.0,1,0,1,0,0.0,0,39
0.0,0,0.0,4,0.0,2,3,0,1,0.0,73,1,1,0.0,0,1,0,0,0.0,2,29
4404.0,1,367.0,4,367.0,1,2,1,0,367.0,174,1,0,0.0,0,1,0,0,0.0,0,42
3600.0,0,300.0,3,300.0,2,2,0,1,0.0,2,0,0,300.0,1,0,1,0,0.0,0,32
4404.0,0,367.0,2,367.0,1,1,1,0,367.0,7,0,0,0.0,0,0,1,0,0.0,0,25
6804.0,0,567.0,2,567.0,1,1,0,1,367.0,4,0,0,0.0,0,0,1,0,0.0,1,23
14400.0,0,1200.0,8,1200.0,4,7,1,1,1200.0,12,1,0,0.0,0,1,0,0,0.0,0,31
16896.0,1,1408.0,3,1408.0,1,2,1,0,153.0,3,1,0,1255.0,1,1,0,0,0.0,0,35
18744.0,0,791.0,3,1562.0,1,2,1,1,20.0,44,0,0,0.0,0,0,1,0,0.0,2,37
0.0,0,0.0,2,0.0,1,1,0,1,0.0,89,1,0,0.0,0,1,0,0,0.0,0,24
6720.0,0,560.0,5,560.0,2,4,1,1,520.0,20,1,0,0.0,0,0,1,0,40.0,1,30
0.0,1,0.0,3,0.0,2,1,1,0,0.0,83,1,0,0.0,0,1,0,0,0.0,1,22
4320.0,0,360.0,3,360.0,1,1,0,0,360.0,82,0,0,0.0,0,0,0,1,0.0,0,25
19200.0,0,1600.0,2,1600.0,1,1,0,0,0.0,31,0,0,1600.0,1,0,1,0,0.0,0,22
10800.0,1,900.0,3,900.0,4,2,1,0,400.0,46,1,1,0.0,0,1,0,0,0.0,0,31
2400.0,0,200.0,2,200.0,1,1,0,1,0.0,3,0,0,0.0,0,0,1,0,0.0,0,23
12840.0,1,1040.0,7,1070.0,1,4,1,0,760.0,139,0,0,0.0,0,0,0,1,280.0,0,37
16800.0,0,700.0,3,1400.0,1,2,1,0,0.0,56,1,0,0.0,0,1,0,0,0.0,1,37
27072.0,1,1656.0,4,2256.0,1,2,1,0,1056.0,2,0,0,600.0,1,0,1,0,0.0,0,29
2400.0,1,200.0,2,200.0,2,1,1,0,200.0,8,1,0,0.0,0,0,1,0,0.0,0,40
7200.0,1,600.0,2,600.0,1,1,1,0,200.0,15,1,0,400.0,1,1,0,0,0.0,0,30
21876.0,0,1673.0,7,1823.0,2,5,1,0,573.0,5,0,0,1100.0,1,0,0,1,0.0,0,43
10800.0,0,900.0,3,900.0,1,2,0,0,300.0,50,1,0,0.0,0,1,0,0,0.0,1,33
23076.0,1,1213.0,5,1923.0,1,3,1,0,0.0,4,0,0,1000.0,1,0,0,1,213.0,0,23
4800.0,0,0.0,6,400.0,4,4,0,1,0.0,105,1,1,0.0,0,0,0,1,0.0,1,24
2400.0,0,200.0,2,200.0,1,1,0,1,200.0,7,0,0,0.0,0,0,1,0,0.0,0,22
16080.0,1,1340.0,5,1340.0,1,4,1,0,640.0,33,0,0,0.0,0,0,0,1,0.0,1,34
0.0,0,0.0,3,0.0,1,2,0,1,0.0,15,1,0,0.0,0,1,0,0,0.0,0,28
17052.0,1,1421.0,5,1421.0,1,4,1,0,721.0,64,0,0,700.0,1,0,1,0,0.0,0,45
6120.0,1,510.0,3,510.0,4,2,1,0,510.0,5,1,1,0.0,0,1,0,0,0.0,1,36
0.0,1,0.0,5,0.0,1,3,0,0,0.0,6,0,0,0.0,0,0,0,1,0.0,0,24
12000.0,1,1000.0,2,1000.0,1,1,0,0,0.0,24,1,0,400.0,1,1,0,0,600.0,0,32
0.0,1,0.0,4,0.0,1,2,0,0,0.0,5,1,0,0.0,0,0,0,1,0.0,2,41
2040.0,1,170.0,3,170.0,1,2,0,0,0.0,3,0,0,170.0,1,0,1,0,0.0,0,21
0.0,0,0.0,3,0.0,1,1,0,1,0.0,6,0,0,0.0,0,0,1,0,0.0,1,27
7512.0,0,626.0,3,626.0,1,2,1,1,626.0,4,1,0,0.0,0,1,0,0,0.0,1,36
13056.0,1,1088.0,6,1088.0,2,5,1,0,800.0,57,0,0,0.0,0,0,1,0,288.0,0,32
14700.0,1,625.0,4,1225.0,1,2,1,0,625.0,56,0,0,0.0,0,0,0,1,0.0,0,29
0.0,1,0.0,4,0.0,1,2,0,0,0.0,6,0,0,0.0,0,0,0,1,0.0,0,25
11400.0,0,950.0,5,950.0,1,3,0,0,950.0,52,0,0,0.0,0,0,0,1,0.0,2,44
2400.0,0,200.0,2,200.0,1,1,0,0,0.0,4,1,0,0.0,0,1,0,0,0.0,2,30
9000.0,1,750.0,3,750.0,1,1,0,0,0.0,11,0,0,750.0,1,0,1,0,0.0,1,43
18648.0,1,1554.0,4,1554.0,1,2,0,0,767.0,3,0,0,0.0,0,0,0,1,0.0,0,21
13500.0,1,1125.0,3,1125.0,3,2,1,0,225.0,2,1,0,900.0,1,0,1,0,0.0,0,43
6348.0,1,414.0,3,529.0,1,1,1,0,414.0,58,0,0,0.0,0,0,0,1,0.0,2,36
25800.0,1,250.0,4,2150.0,1,2,1,0,250.0,102,0,0,0.0,0,0,0,1,0.0,0,31
22260.0,1,655.0,5,1855.0,1,3,1,0,430.0,6,0,0,0.0,0,0,0,1,225.0,1,26
12816.0,1,668.0,4,1068.0,2,2,0,0,668.0,4,1,0,0.0,0,0,0,1,0.0,0,30
6000.0,1,500.0,3,500.0,1,2,0,0,0.0,5,1,0,0.0,0,1,0,0,500.0,0,44
0.0,0,0.0,2,0.0,5,1,0,1,0.0,79,1,1,0.0,0,1,0,0,0.0,0,18
7932.0,1,661.0,2,661.0,1,1,0,0,0.0,70,1,0,300.0,1,1,0,0,361.0,1,43
0.0,1,0.0,4,0.0,1,2,0,0,0.0,3,0,0,0.0,0,0,1,0,0.0,1,28
11940.0,0,995.0,4,995.0,2,3,0,0,995.0,56,1,0,0.0,0,0,1,0,0.0,0,43
35640.0,1,1370.0,8,2970.0,2,12,1,0,500.0,242,0,0,870.0,1,0,1,0,0.0,1,31
6312.0,1,526.0,3,526.0,1,2,0,0,526.0,43,0,0,0.0,0,0,1,0,0.0,0,32
8400.0,0,700.0,3,700.0,1,2,0,1,0.0,8,0,0,0.0,0,0,1,0,0.0,0,31
0.0,0,600.0,2,0.0,1,1,0,0,0.0,37,0,0,600.0,1,0,0,1,0.0,0,61
12684.0,0,1057.0,2,1057.0,1,1,1,1,347.0,26,1,0,0.0,0,1,0,0,0.0,1,59
0.0,0,0.0,2,0.0,1,1,0,0,0.0,11,1,0,0.0,0,1,0,0,0.0,0,19
30984.0,1,1100.0,6,2582.0,2,4,0,0,800.0,3,0,0,0.0,0,0,1,0,300.0,0,34
2820.0,0,235.0,3,235.0,4,2,0,1,0.0,139,0,1,235.0,1,0,1,0,0.0,0,25
4500.0,1,375.0,2,375.0,9,1,0,0,375.0,6,1,1,0.0,0,1,0,0,0.0,0,32
0.0,0,0.0,4,0.0,1,3,0,1,0.0,51,0,0,0.0,0,0,1,0,0.0,0,35
16032.0,0,668.0,4,1336.0,1,2,0,1,668.0,6,0,0,0.0,0,0,0,1,0.0,0,29
0.0,0,0.0,3,0.0,1,2,0,0,0.0,4,0,0,0.0,0,0,1,0,0.0,0,24
13944.0,1,362.0,3,1162.0,1,1,0,0,362.0,103,1,1,0.0,0,0,0,1,0.0,1,42
25704.0,1,400.0,6,2142.0,3,5,1,0,400.0,59,1,1,0.0,0,1,0,0,0.0,0,40
0.0,0,0.0,3,0.0,2,2,0,0,0.0,48,1,0,0.0,0,1,0,0,0.0,0,34
6000.0,1,500.0,2,500.0,1,1,0,0,0.0,16,0,0,0.0,0,0,1,0,0.0,0,32
0.0,1,0.0,4,0.0,3,2,0,0,0.0,183,1,1,0.0,0,0,0,1,0.0,0,27
10512.0,1,376.0,3,876.0,1,1,0,0,376.0,28,0,0,0.0,0,0,0,1,0.0,1,32
10800.0,1,900.0,2,900.0,1,1,0,0,300.0,7,0,1,600.0,1,0,0,1,0.0,0,33
10680.0,0,600.0,6,890.0,1,4,1,0,0.0,48,0,0,600.0,1,0,1,0,0.0,0,48
10800.0,0,900.0,2,900.0,1,1,1,1,200.0,91,1,0,700.0,1,1,0,0,0.0,1,41
10200.0,1,850.0,5,850.0,3,3,0,0,750.0,129,1,0,100.0,1,0,0,1,0.0,0,26
10800.0,0,900.0,3,900.0,1,2,1,0,0.0,2,0,0,900.0,1,0,1,0,0.0,0,25
7200.0,1,600.0,6,600.0,1,4,0,0,600.0,3,0,0,0.0,0,0,0,1,0.0,1,24
4404.0,0,367.0,3,367.0,1,1,0,1,367.0,4,0,0,0.0,0,0,0,1,0.0,0,20
7584.0,0,632.0,4,632.0,1,3,0,1,632.0,31,1,0,0.0,0,1,0,0,0.0,2,41
4320.0,0,360.0,2,360.0,2,1,0,1,360.0,5,0,0,0.0,0,0,1,0,0.0,0,42
7440.0,0,400.0,5,620.0,1,3,1,0,0.0,31,0,0,400.0,1,0,1,0,0.0,0,28
6000.0,0,500.0,4,500.0,2,3,1,0,0.0,112,1,0,0.0,0,1,0,0,500.0,0,24
24072.0,1,1142.0,5,2006.0,1,3,1,0,432.0,6,0,0,0.0,0,0,1,0,0.0,1,33
6240.0,0,520.0,3,520.0,2,2,0,1,520.0,5,1,0,0.0,0,1,0,0,0.0,1,30
6960.0,0,0.0,5,580.0,1,3,1,0,0.0,61,1,0,0.0,0,0,0,1,0.0,0,23
24888.0,0,2074.0,7,2074.0,1,6,1,0,1074.0,4,1,0,1000.0,1,1,0,0,0.0,0,34
0.0,1,0.0,2,0.0,1,1,0,0,0.0,65,1,0,0.0,0,1,0,0,0.0,0,34
15000.0,0,1250.0,4,1250.0,1,3,1,1,450.0,8,1,0,800.0,1,1,0,0,0.0,0,29
4200.0,1,150.0,2,350.0,1,1,0,0,0.0,5,0,0,150.0,1,0,1,0,0.0,0,35
14400.0,0,600.0,5,1200.0,2,3,0,0,600.0,95,1,0,0.0,0,1,0,0,0.0,0,28
0.0,0,0.0,3,0.0,1,2,0,0,0.0,94,0,0,0.0,0,0,1,0,0.0,0,45
4800.0,0,200.0,3,400.0,1,1,0,1,200.0,4,1,0,0.0,0,0,0,1,0.0,0,20
4524.0,1,377.0,3,377.0,1,2,0,0,377.0,102,1,0,0.0,0,1,0,0,0.0,0,35
0.0,0,0.0,4,0.0,1,3,1,0,0.0,104,1,0,0.0,0,1,0,0,0.0,0,20
2268.0,1,189.0,3,189.0,1,1,0,0,189.0,30,1,0,0.0,0,1,0,0,0.0,0,27
8688.0,1,724.0,2,724.0,1,1,1,0,325.0,9,1,0,0.0,0,1,0,0,0.0,1,26
6000.0,0,500.0,3,500.0,4,1,1,0,500.0,74,1,1,0.0,0,0,0,1,0.0,1,35
0.0,0,0.0,3,0.0,1,2,0,1,0.0,7,1,1,0.0,0,1,0,0,0.0,1,21
4800.0,0,400.0,4,400.0,2,2,0,0,0.0,62,0,0,400.0,1,0,0,1,0.0,0,22
0.0,0,0.0,3,0.0,1,2,0,0,0.0,7,1,0,0.0,0,1,0,0,0.0,0,30
6228.0,1,519.0,4,519.0,1,2,0,0,519.0,5,1,0,0.0,0,1,0,0,0.0,1,23
0.0,1,0.0,2,0.0,1,1,0,0,0.0,4,1,0,0.0,0,1,0,0,0.0,0,47
0.0,0,3437.0,2,0.0,6,6,0,0,1137.0,59,1,0,0.0,0,0,0,1,0.0,0,32
10968.0,1,914.0,4,914.0,1,2,0,0,480.0,6,1,0,0.0,0,0,1,0,0.0,1,29
6276.0,1,523.0,4,523.0,1,2,0,0,523.0,69,1,1,0.0,0,0,1,0,0.0,1,26
5580.0,1,465.0,5,465.0,1,3,0,0,465.0,4,1,0,0.0,0,0,1,0,0.0,0,22
4404.0,1,367.0,2,367.0,1,1,0,0,367.0,2,1,0,0.0,0,1,0,0,0.0,1,26
0.0,1,0.0,3,0.0,1,1,1,0,0.0,142,0,0,0.0,0,0,0,1,0.0,2,34
9360.0,1,780.0,2,780.0,1,1,0,0,180.0,4,1,0,600.0,1,1,0,0,0.0,0,50
0.0,1,0.0,4,0.0,1,2,0,0,0.0,3,0,0,0.0,0,0,1,0,0.0,0,23
3600.0,1,300.0,3,300.0,1,2,0,0,0.0,151,0,0,300.0,1,0,1,0,0.0,0,46
0.0,1,0.0,3,0.0,1,4,0,0,0.0,152,1,0,0.0,0,1,0,0,0.0,1,44
0.0,0,0.0,2,0.0,1,1,0,1,0.0,3,0,0,0.0,0,0,1,0,0.0,0,22
0.0,1,0.0,2,0.0,1,1,1,0,0.0,27,1,0,0.0,0,1,0,0,0.0,0,27
0.0,0,0.0,2,0.0,1,1,0,0,0.0,37,0,0,0.0,0,0,1,0,0.0,0,35
5688.0,1,474.0,3,474.0,1,2,0,0,474.0,14,0,0,0.0,0,0,1,0,0.0,2,27
17617.2,1,0.0,3,1468.1,5,1,0,0,0.0,92,1,1,0.0,0,1,0,0,0.0,0,36
5400.0,0,450.0,3,450.0,2,1,1,0,100.0,82,0,0,350.0,1,0,0,1,0.0,0,20
11796.0,1,273.0,4,983.0,1,2,1,0,273.0,2,0,0,0.0,0,0,1,0,0.0,1,35
0.0,0,0.0,5,0.0,2,3,1,0,0.0,36,1,0,0.0,0,0,0,1,0.0,0,21
17868.0,1,1200.0,4,1489.0,2,3,0,0,0.0,14,1,0,1200.0,1,1,0,0,0.0,0,26
27000.0,0,750.0,5,2250.0,1,3,0,0,750.0,5,0,0,0.0,0,0,0,1,0.0,0,30
0.0,0,0.0,5,0.0,1,4,0,0,0.0,65,0,0,0.0,0,0,1,0,0.0,1,30
0.0,1,0.0,2,0.0,2,1,0,0,0.0,59,0,0,0.0,0,0,0,0,0.0,0,46
13800.0,0,1150.0,4,1150.0,2,4,1,1,500.0,154,0,0,650.0,1,0,0,1,0.0,1,31
5952.0,1,496.0,4,496.0,1,2,1,0,196.0,64,0,0,300.0,1,0,0,1,0.0,1,34
8160.0,1,340.0,2,680.0,1,1,1,0,340.0,4,1,0,0.0,0,1,0,0,0.0,0,28
0.0,1,0.0,4,0.0,2,3,0,0,0.0,36,1,0,0.0,0,0,1,0,0.0,1,27
0.0,1,0.0,4,0.0,1,2,0,0,0.0,2,0,0,0.0,0,0,0,1,0.0,0,20
20112.0,1,900.0,4,1676.0,1,2,1,0,0.0,40,0,0,900.0,1,0,0,1,0.0,0,30
4200.0,0,0.0,5,350.0,3,3,0,1,0.0,32,1,0,0.0,0,0,0,1,0.0,0,41
11160.0,1,930.0,2,930.0,1,1,1,0,400.0,8,1,0,0.0,0,1,0,0,0.0,1,49
2760.0,0,0.0,3,230.0,1,1,1,1,0.0,44,0,0,0.0,0,0,1,0,0.0,0,30
7752.0,1,646.0,2,646.0,1,1,0,0,247.0,83,1,0,0.0,0,1,0,0,0.0,0,36
17520.0,1,713.0,2,1460.0,1,1,1,0,347.0,13,1,0,0.0,0,1,0,0,0.0,3,45
0.0,0,0.0,3,0.0,2,1,0,1,0.0,67,1,0,0.0,0,0,0,1,0.0,1,27
15564.0,0,1297.0,3,1297.0,1,4,0,1,497.0,44,1,0,800.0,1,0,1,0,0.0,0,41
10800.0,1,900.0,6,900.0,1,3,1,0,900.0,23,1,0,0.0,0,0,1,0,0.0,2,41
3840.0,0,320.0,2,320.0,1,1,0,0,320.0,2,0,0,0.0,0,0,1,0,0.0,0,35
30000.0,1,0.0,3,2500.0,1,1,1,0,0.0,31,0,0,0.0,0,0,1,0,0.0,0,23
0.0,1,0.0,4,0.0,3,2,0,0,0.0,92,1,0,0.0,0,0,0,1,0.0,0,30
3840.0,0,320.0,5,320.0,2,3,0,1,320.0,70,1,0,0.0,0,0,1,0,0.0,0,28
19584.0,1,1248.0,3,1632.0,1,1,0,0,200.0,20,0,0,0.0,0,0,0,1,0.0,2,32
2400.0,0,200.0,3,200.0,1,2,0,1,200.0,8,1,0,0.0,0,1,0,0,0.0,0,51
5400.0,0,450.0,3,450.0,1,2,1,1,450.0,4,1,0,0.0,0,1,0,0,0.0,0,22
600.0,1,50.0,5,50.0,1,3,0,0,0.0,4,0,0,0.0,0,0,0,0,0.0,0,44
8064.0,0,360.0,5,672.0,1,6,0,1,360.0,26,0,0,0.0,0,0,0,1,0.0,2,37
1476.0,1,123.0,2,123.0,1,1,0,0,123.0,34,0,0,0.0,0,0,1,0,0.0,0,42
9816.0,1,498.0,7,818.0,1,5,1,0,498.0,28,1,0,0.0,0,1,0,0,0.0,0,30
24000.0,1,2000.0,4,2000.0,2,2,1,0,600.0,9,0,1,1400.0,1,0,0,1,0.0,1,29
3600.0,0,300.0,2,300.0,1,1,1,1,300.0,10,1,0,0.0,0,1,0,0,0.0,0,24
12000.0,0,1000.0,4,1000.0,1,3,0,1,0.0,56,1,0,1000.0,1,1,0,0,0.0,0,33
4080.0,1,0.0,3,340.0,1,1,0,0,0.0,81,0,0,0.0,0,0,0,1,0.0,0,35
7560.0,0,630.0,5,630.0,1,4,0,1,630.0,81,1,0,0.0,0,1,0,0,0.0,0,27
19476.0,0,1623.0,4,1623.0,2,2,1,1,900.0,15,0,0,0.0,0,0,0,1,0.0,1,44
0.0,0,0.0,2,0.0,1,1,0,1,0.0,92,0,0,0.0,0,0,1,0,0.0,0,28
8400.0,0,590.0,4,700.0,2,2,0,1,430.0,54,0,0,160.0,1,0,0,1,0.0,0,28
0.0,0,0.0,3,0.0,2,2,1,1,0.0,22,1,0,0.0,0,0,1,0,0.0,1,24
2700.0,1,0.0,6,225.0,1,4,0,0,0.0,5,0,0,0.0,0,0,1,0,0.0,0,29
0.0,1,0.0,2,0.0,1,1,1,0,0.0,63,1,0,0.0,0,1,0,0,0.0,0,46
12876.0,0,1073.0,2,1073.0,1,1,0,1,330.0,106,1,0,0.0,0,1,0,0,0.0,0,50
6672.0,1,367.0,3,556.0,1,1,0,0,367.0,49,0,0,0.0,0,0,0,1,0.0,1,32
12300.0,0,1025.0,5,1025.0,2,3,1,1,425.0,73,0,0,600.0,1,0,0,1,0.0,0,28
9972.0,1,831.0,5,831.0,1,3,1,0,425.0,29,0,0,406.0,1,0,1,0,0.0,1,32
11904.0,0,497.0,4,992.0,3,3,0,1,497.0,53,1,0,0.0,0,1,0,0,0.0,0,27
7380.0,0,615.0,3,615.0,1,1,1,0,450.0,42,1,0,0.0,0,1,0,0,165.0,1,38
9720.0,1,810.0,3,810.0,1,2,0,0,630.0,9,1,0,180.0,1,1,0,0,0.0,1,39
10440.0,1,870.0,7,870.0,2,5,1,0,870.0,47,0,0,0.0,0,0,1,0,0.0,0,28
7176.0,1,299.0,2,598.0,1,1,1,0,299.0,5,0,0,0.0,0,0,0,1,0.0,2,44
9120.0,1,760.0,3,760.0,4,1,0,0,320.0,30,0,0,440.0,1,0,1,0,0.0,0,24
11928.0,0,497.0,3,994.0,2,1,1,0,497.0,4,0,0,0.0,0,0,1,0,0.0,1,21
16116.0,0,1343.0,4,1343.0,1,3,0,1,415.0,26,1,0,0.0,0,1,0,0,0.0,0,33
0.0,0,0.0,4,0.0,1,3,0,1,0.0,6,0,0,0.0,0,0,1,0,0.0,0,40
900.0,1,75.0,2,75.0,1,1,0,0,0.0,70,0,0,75.0,1,0,0,0,0.0,0,42
0.0,1,0.0,2,0.0,2,1,0,0,0.0,3,1,0,0.0,0,1,0,0,0.0,0,21
8100.0,0,675.0,3,675.0,4,1,0,0,0.0,71,1,1,675.0,1,1,0,0,0.0,1,38
2508.0,0,209.0,5,209.0,1,4,0,0,209.0,4,0,0,0.0,0,0,1,0,0.0,0,26
20112.0,1,1334.0,5,1676.0,1,2,0,0,634.0,52,0,0,700.0,1,0,0,1,0.0,0,27
3720.0,0,310.0,2,310.0,1,1,0,0,0.0,51,1,0,310.0,1,1,0,0,0.0,1,40
8940.0,0,745.0,4,745.0,2,2,0,0,445.0,33,0,0,300.0,1,0,1,0,0.0,1,37
2268.0,0,189.0,2,189.0,3,1,0,1,189.0,71,0,0,0.0,0,0,1,0,0.0,0,21
9624.0,1,802.0,3,802.0,1,2,1,0,632.0,8,0,0,170.0,1,0,1,0,0.0,0,32
5976.0,1,498.0,4,498.0,3,2,1,0,498.0,57,1,1,0.0,0,0,0,1,0.0,2,33
4872.0,0,406.0,2,406.0,1,1,0,0,0.0,26,0,0,0.0,0,0,1,0,0.0,1,58
1644.0,0,0.0,4,137.0,3,2,0,0,0.0,54,1,0,0.0,0,1,0,0,0.0,0,30
0.0,0,0.0,2,0.0,1,1,0,1,0.0,43,0,0,0.0,0,0,1,0,0.0,0,39
35328.0,1,0.0,3,2944.0,1,1,0,0,0.0,52,0,0,0.0,0,0,0,1,0.0,0,38
19200.0,0,0.0,2,1600.0,2,1,0,0,0.0,23,1,0,0.0,0,1,0,0,0.0,0,43
18288.0,0,1524.0,4,1524.0,1,3,1,0,324.0,5,1,0,0.0,0,1,0,0,0.0,1,35
18672.0,1,330.0,3,1556.0,2,1,1,0,330.0,93,0,0,0.0,0,0,0,1,0.0,0,40
4788.0,1,399.0,3,399.0,1,1,0,0,0.0,25,0,0,0.0,0,0,0,1,0.0,0,25
0.0,1,0.0,2,0.0,1,1,0,0,0.0,24,1,0,0.0,0,1,0,0,0.0,1,24
12588.0,0,349.0,3,1049.0,1,2,1,0,349.0,48,0,0,0.0,0,0,1,0,0.0,0,28
3048.0,1,200.0,3,254.0,2,1,1,0,200.0,60,1,0,0.0,0,1,0,0,0.0,1,45
33096.0,1,379.0,6,2758.0,1,4,1,0,379.0,2,0,0,0.0,0,0,0,1,0.0,0,28
18000.0,1,0.0,3,1500.0,2,1,0,0,0.0,22,1,0,0.0,0,0,0,1,0.0,1,32
13404.0,1,1117.0,2,1117.0,3,1,1,0,234.0,48,0,1,0.0,0,0,0,1,0.0,2,32
8964.0,1,747.0,2,747.0,1,1,1,0,347.0,48,1,0,0.0,0,1,0,0,0.0,0,23
5184.0,1,432.0,4,432.0,1,2,1,0,432.0,23,1,0,0.0,0,1,0,0,0.0,1,36
15600.0,0,500.0,2,1300.0,1,1,0,0,0.0,27,0,0,0.0,0,0,1,0,0.0,1,46
3900.0,0,325.0,4,325.0,1,2,0,0,325.0,34,0,0,0.0,0,0,0,1,0.0,0,26
7200.0,1,600.0,4,600.0,1,3,1,0,600.0,4,1,0,0.0,0,1,0,0,0.0,2,28
4800.0,0,0.0,4,400.0,2,2,0,0,0.0,37,0,0,0.0,0,0,0,1,0.0,1,32
12468.0,1,128.0,5,1039.0,2,3,0,0,0.0,19,0,0,128.0,1,0,0,1,0.0,0,46
5760.0,1,0.0,5,480.0,1,3,0,0,0.0,40,0,0,0.0,0,0,0,1,0.0,0,31
8652.0,0,536.0,4,721.0,2,2,1,0,351.0,69,0,1,0.0,0,0,0,1,185.0,1,33
15924.0,1,797.0,3,1327.0,1,1,1,0,347.0,47,1,0,250.0,1,1,0,0,0.0,1,35
5760.0,1,480.0,4,480.0,1,3,0,0,480.0,13,0,0,0.0,0,0,1,0,0.0,0,25
9864.0,1,600.0,5,822.0,1,3,1,0,600.0,76,0,0,0.0,0,0,0,1,0.0,0,27
0.0,0,0.0,6,0.0,1,5,0,0,0.0,54,1,1,0.0,0,1,0,0,0.0,2,41
3600.0,0,300.0,2,300.0,1,1,0,0,0.0,42,0,0,300.0,1,0,1,0,0.0,0,35
1200.0,0,100.0,2,100.0,1,1,0,0,0.0,18,0,0,100.0,1,0,1,0,0.0,0,25
0.0,0,0.0,2,0.0,1,1,0,0,0.0,20,0,0,0.0,0,0,0,1,0.0,2,31
7200.0,0,600.0,2,600.0,1,1,0,0,0.0,97,0,0,600.0,1,0,1,0,0.0,0,39
720.0,1,60.0,3,60.0,1,1,0,0,15.0,5,0,0,0.0,0,0,0,1,0.0,0,43
0.0,1,0.0,3,0.0,4,1,0,0,0.0,23,1,0,0.0,0,0,1,0,0.0,1,25
13248.0,0,347.0,3,1104.0,5,1,1,1,347.0,18,1,1,0.0,0,0,0,1,0.0,2,46
20400.0,1,0.0,5,1700.0,1,3,0,0,0.0,98,1,0,0.0,0,0,0,1,0.0,1,36
15120.0,1,0.0,3,1260.0,1,1,0,0,0.0,8,0,0,0.0,0,0,0,1,0.0,0,34
5160.0,1,430.0,2,430.0,1,1,1,0,430.0,25,1,0,0.0,0,1,0,0,0.0,1,33
2400.0,0,200.0,5,200.0,3,4,0,1,0.0,20,1,0,200.0,1,0,1,0,0.0,0,43
3912.0,1,326.0,3,326.0,1,1,0,0,326.0,72,0,0,0.0,0,0,0,1,0.0,0,26
4800.0,1,400.0,2,400.0,1,1,1,0,400.0,20,1,0,0.0,0,1,0,0,0.0,1,24
6576.0,1,299.0,2,548.0,2,1,0,0,299.0,50,1,0,0.0,0,1,0,0,0.0,0,36
0.0,1,1325.0,3,0.0,1,2,1,0,600.0,13,1,0,725.0,1,1,0,0,0.0,0,31
7032.0,0,586.0,5,586.0,1,3,1,1,586.0,117,0,0,0.0,0,0,0,1,0.0,0,31
13308.0,0,1109.0,3,1109.0,1,2,1,0,327.0,24,1,0,0.0,0,1,0,0,0.0,2,38
12000.0,0,1000.0,2,1000.0,1,1,0,0,0.0,49,1,0,1000.0,1,1,0,0,0.0,0,25
8652.0,1,0.0,3,721.0,1,1,1,0,0.0,43,0,0,0.0,0,0,0,1,0.0,0,19
7248.0,0,604.0,4,604.0,2,2,1,1,580.0,164,1,0,24.0,1,1,0,0,0.0,0,25
5136.0,0,428.0,2,428.0,1,1,0,1,148.0,6,1,0,0.0,0,1,0,0,0.0,2,54
4800.0,0,0.0,3,400.0,1,1,0,0,0.0,4,0,0,0.0,0,0,0,1,0.0,0,24
38400.0,1,3200.0,2,3200.0,1,1,0,0,0.0,3,1,0,3200.0,1,1,0,0,0.0,0,43
7800.0,0,650.0,4,650.0,1,3,0,0,0.0,6,0,0,650.0,1,0,1,0,0.0,0,43
1560.0,1,130.0,3,130.0,3,1,1,0,130.0,40,0,0,0.0,0,0,0,1,0.0,0,32
36000.0,1,3000.0,2,3000.0,1,1,0,0,0.0,6,1,0,3000.0,1,1,0,0,0.0,2,26
21288.0,0,1436.0,2,1774.0,1,1,1,1,636.0,6,0,0,800.0,1,0,1,0,0.0,0,38
32328.0,0,1474.0,3,2694.0,2,1,0,0,274.0,27,1,1,1200.0,1,0,0,1,0.0,0,50
0.0,0,0.0,4,0.0,1,2,1,1,0.0,41,0,0,0.0,0,0,0,1,0.0,1,26
6072.0,1,506.0,4,506.0,1,3,1,0,506.0,27,1,0,0.0,0,1,0,0,0.0,1,25
8652.0,0,721.0,2,721.0,1,1,1,0,0.0,3,0,0,0.0,0,0,0,1,0.0,1,22
0.0,1,0.0,3,0.0,4,1,0,0,0.0,29,1,1,0.0,0,0,0,1,0.0,0,31
26364.0,0,2000.0,2,2197.0,1,1,0,0,0.0,11,0,0,2000.0,1,0,1,0,0.0,0,26
9240.0,0,770.0,7,770.0,1,6,0,1,400.0,5,0,0,370.0,1,0,1,0,0.0,0,36
0.0,1,0.0,2,0.0,2,1,0,0,0.0,66,0,0,0.0,0,0,1,0,0.0,1,33
4200.0,1,0.0,3,350.0,1,1,0,0,0.0,38,0,0,0.0,0,0,0,1,0.0,1,29
0.0,0,0.0,3,0.0,1,2,0,1,0.0,4,1,0,0.0,0,1,0,0,0.0,1,45
5760.0,1,480.0,3,480.0,1,2,1,0,40.0,97,0,0,0.0,0,0,1,0,0.0,1,39
20916.0,1,1032.0,3,1743.0,1,1,1,0,311.0,21,1,0,0.0,0,1,0,0,0.0,1,38
13200.0,0,1100.0,4,1100.0,1,2,1,0,300.0,5,0,0,800.0,1,0,0,1,0.0,0,23
9084.0,0,757.0,4,757.0,3,3,0,0,630.0,34,1,1,0.0,0,0,1,0,0.0,0,27
9000.0,0,750.0,3,750.0,2,1,1,0,0.0,50,1,1,0.0,0,0,0,1,0.0,1,22
0.0,1,0.0,2,0.0,1,1,0,0,0.0,5,1,0,0.0,0,1,0,0,0.0,0,41
1200.0,0,100.0,3,100.0,3,2,0,1,100.0,7,1,0,0.0,0,1,0,0,0.0,1,35
4164.0,1,347.0,2,347.0,1,1,0,0,347.0,156,0,0,0.0,0,0,1,0,0.0,2,37
7872.0,1,656.0,5,656.0,1,3,1,0,656.0,27,0,0,0.0,0,0,0,1,0.0,1,27
3900.0,0,325.0,4,325.0,1,3,0,0,325.0,36,1,0,0.0,0,1,0,0,0.0,0,31
0.0,0,0.0,2,0.0,1,1,0,1,0.0,8,1,0,0.0,0,1,0,0,0.0,0,22
4404.0,1,367.0,3,367.0,1,1,0,0,367.0,7,0,0,0.0,0,0,0,1,0.0,0,24
0.0,1,0.0,2,0.0,1,1,0,0,0.0,35,1,0,0.0,0,1,0,0,0.0,2,25
0.0,1,0.0,2,0.0,1,1,0,0,0.0,154,0,0,0.0,0,0,1,0,0.0,2,29
2952.0,1,246.0,2,246.0,3,1,1,0,246.0,174,1,1,0.0,0,1,0,0,0.0,1,28
1800.0,1,0.0,3,150.0,2,1,0,0,0.0,162,1,1,0.0,0,0,1,0,0.0,1,49
16260.0,0,645.0,5,1355.0,1,4,1,0,645.0,47,0,0,0.0,0,0,0,1,0.0,0,40
3240.0,0,270.0,2,270.0,2,1,1,1,270.0,89,1,0,0.0,0,1,0,0,0.0,0,29
3600.0,0,300.0,2,300.0,1,1,1,1,300.0,51,1,0,0.0,0,1,0,0,0.0,0,31
6000.0,1,500.0,3,500.0,1,2,1,0,500.0,12,1,0,0.0,0,1,0,0,0.0,0,22
0.0,0,0.0,2,0.0,1,1,0,1,0.0,20,0,0,0.0,0,0,1,0,0.0,0,19
22800.0,0,300.0,3,1900.0,1,1,0,1,0.0,11,0,0,0.0,0,0,0,1,0.0,2,26
20400.0,0,1700.0,6,1700.0,1,5,1,0,700.0,35,0,0,1000.0,1,0,1,0,0.0,1,34
13440.0,0,1120.0,5,1120.0,1,4,1,1,400.0,11,1,0,720.0,1,1,0,0,0.0,1,36
5964.0,1,497.0,2,497.0,1,1,0,0,497.0,7,1,0,0.0,0,1,0,0,0.0,0,40
10800.0,0,900.0,7,900.0,4,5,1,1,900.0,76,1,1,0.0,0,0,0,1,0.0,0,25
0.0,1,0.0,2,0.0,1,1,0,0,0.0,3,0,0,0.0,0,0,1,0,0.0,0,34
5760.0,0,480.0,2,480.0,1,1,0,0,480.0,9,1,0,0.0,0,1,0,0,0.0,0,22
12000.0,1,1000.0,4,1000.0,1,3,0,0,0.0,137,1,0,1000.0,1,1,0,0,0.0,0,35
24828.0,1,752.0,3,2069.0,3,1,1,0,0.0,56,1,1,0.0,0,1,0,0,0.0,0,44
12600.0,1,550.0,2,1050.0,2,1,1,0,550.0,12,1,0,0.0,0,1,0,0,0.0,1,43
17520.0,0,360.0,5,1460.0,1,6,1,1,360.0,555,1,1,0.0,0,0,0,1,0.0,0,26
9624.0,0,666.0,6,802.0,2,4,0,1,0.0,88,0,0,666.0,1,0,0,1,0.0,0,36
5160.0,1,430.0,3,430.0,1,2,0,0,430.0,22,1,0,0.0,0,1,0,0,0.0,0,24
23556.0,1,763.0,6,1963.0,1,4,0,0,763.0,81,0,0,0.0,0,0,0,1,0.0,1,38
1668.0,1,0.0,3,139.0,1,1,0,0,0.0,31,0,0,0.0,0,0,0,1,0.0,1,43
0.0,0,0.0,4,0.0,1,2,0,0,0.0,63,0,0,0.0,0,0,0,1,0.0,0,24
13452.0,0,1121.0,5,1121.0,1,4,1,0,400.0,3,0,0,0.0,0,0,1,0,0.0,0,45
8400.0,1,700.0,4,700.0,1,3,1,0,700.0,45,0,0,0.0,0,0,1,0,0.0,2,39
0.0,0,0.0,5,0.0,2,3,0,1,0.0,3,0,0,0.0,0,0,0,1,0.0,1,31
7080.0,1,590.0,2,590.0,2,1,0,0,270.0,8,1,0,0.0,0,1,0,0,0.0,0,35
13752.0,1,1146.0,2,1146.0,1,1,0,0,346.0,190,1,0,800.0,1,1,0,0,0.0,0,36
7668.0,0,450.0,3,639.0,1,1,1,1,0.0,7,1,0,450.0,1,1,0,0,0.0,1,21
0.0,0,0.0,3,0.0,6,2,0,1,0.0,8,1,0,0.0,0,0,1,0,0.0,0,21
9420.0,1,300.0,3,785.0,1,1,0,0,300.0,4,0,0,0.0,0,0,1,0,0.0,0,23
33576.0,1,704.0,4,2798.0,1,2,0,0,0.0,57,0,0,0.0,0,0,0,1,0.0,0,38
14400.0,1,1200.0,3,1200.0,2,2,0,0,0.0,80,1,1,1200.0,1,1,0,0,0.0,1,40
5880.0,0,490.0,3,490.0,2,2,1,0,490.0,38,1,0,0.0,0,1,0,0,0.0,0,34
0.0,1,0.0,3,0.0,1,2,0,0,0.0,11,1,0,0.0,0,1,0,0,0.0,2,28
17400.0,0,650.0,3,1450.0,1,1,0,1,590.0,16,0,0,60.0,1,0,0,1,0.0,0,22
3600.0,1,300.0,4,300.0,1,2,0,0,300.0,36,0,0,0.0,0,0,0,1,0.0,2,30
7440.0,0,460.0,4,620.0,1,3,1,1,160.0,33,0,0,300.0,1,0,1,0,0.0,0,37
4800.0,1,0.0,4,400.0,3,2,0,0,0.0,42,1,0,0.0,0,1,0,0,0.0,0,29
12000.0,0,1000.0,5,1000.0,4,3,0,0,0.0,30,1,1,1000.0,1,0,0,1,0.0,0,28
7584.0,1,632.0,4,632.0,1,3,0,0,632.0,3,1,0,0.0,0,1,0,0,0.0,1,26
11556.0,0,221.0,3,963.0,2,1,0,0,221.0,14,0,0,0.0,0,0,0,1,0.0,1,30
588.0,0,49.0,3,49.0,1,1,1,0,49.0,6,0,0,0.0,0,0,1,0,0.0,0,24
19044.0,1,387.0,3,1587.0,1,1,1,0,289.0,35,0,0,0.0,0,0,0,1,98.0,2,38
1800.0,0,0.0,3,150.0,1,1,0,0,0.0,72,0,0,0.0,0,0,0,1,0.0,0,39
2400.0,0,0.0,4,200.0,1,2,0,0,0.0,42,0,0,0.0,0,0,0,1,0.0,0,22
16488.0,0,1374.0,2,1374.0,3,1,1,0,497.0,23,1,1,0.0,0,1,0,0,0.0,1,46
0.0,1,0.0,4,0.0,1,2,0,0,0.0,9,0,0,0.0,0,0,0,1,0.0,2,37
0.0,1,0.0,4,0.0,1,2,0,0,0.0,167,0,0,0.0,0,0,0,1,0.0,0,27
2268.0,1,0.0,6,189.0,1,4,0,0,0.0,34,0,0,0.0,0,0,0,1,0.0,0,36
7200.0,0,600.0,5,600.0,1,4,0,1,0.0,20,0,0,600.0,1,0,0,1,0.0,0,30
4272.0,1,0.0,3,356.0,1,2,0,0,0.0,19,1,0,0.0,0,1,0,0,0.0,0,42
8652.0,0,721.0,3,721.0,1,2,0,0,0.0,10,1,0,0.0,0,1,0,0,0.0,0,26
8400.0,0,700.0,2,700.0,3,1,0,0,0.0,8,0,1,0.0,0,0,0,1,0.0,0,30
0.0,0,0.0,2,0.0,1,1,0,0,0.0,34,0,0,0.0,0,0,1,0,0.0,0,47
0.0,0,0.0,3,0.0,1,1,0,0,0.0,18,0,0,0.0,0,0,0,1,0.0,1,20
4800.0,0,400.0,4,400.0,1,3,0,0,400.0,36,0,0,0.0,0,0,0,1,0.0,0,26
0.0,0,0.0,3,0.0,1,2,0,1,0.0,11,0,0,0.0,0,0,1,0,0.0,0,26
14520.0,1,1210.0,8,1210.0,1,6,0,0,970.0,21,0,0,0.0,0,0,0,1,240.0,2,31
5796.0,1,483.0,2,483.0,1,1,0,0,0.0,44,1,0,0.0,0,1,0,0,0.0,1,43
5988.0,0,499.0,3,499.0,1,2,0,1,499.0,23,0,0,0.0,0,0,0,1,0.0,1,23
0.0,0,0.0,2,0.0,1,1,0,1,0.0,2,1,0,0.0,0,1,0,0,0.0,1,39
7776.0,1,648.0,2,648.0,1,1,0,0,0.0,2,0,0,0.0,0,0,1,0,0.0,1,32
14256.0,0,494.0,3,1188.0,2,1,1,0,494.0,15,0,0,0.0,0,0,0,1,0.0,0,22
22200.0,1,1200.0,2,1850.0,1,1,0,0,0.0,10,0,0,1200.0,1,0,1,0,0.0,0,49
1800.0,1,150.0,3,150.0,1,1,0,0,0.0,24,0,0,150.0,1,0,0,1,0.0,0,24
7200.0,0,600.0,4,600.0,1,2,0,1,0.0,119,1,0,600.0,1,1,0,0,0.0,1,22
264.0,1,22.0,2,22.0,1,1,0,0,22.0,5,0,0,0.0,0,0,1,0,0.0,0,30
4164.0,1,0.0,4,347.0,1,2,0,0,0.0,11,0,0,0.0,0,0,0,1,0.0,0,21
12444.0,1,700.0,2,1037.0,3,1,0,0,0.0,16,1,0,0.0,0,1,0,0,0.0,1,43
8652.0,1,0.0,5,721.0,1,3,0,0,0.0,22,0,0,0.0,0,0,0,1,0.0,1,34
4164.0,1,347.0,3,347.0,1,1,0,0,347.0,3,0,0,0.0,0,0,1,0,0.0,0,27
12000.0,0,1000.0,2,1000.0,1,1,0,1,0.0,21,0,0,1000.0,1,0,1,0,0.0,0,20
0.0,1,0.0,2,0.0,1,1,0,0,0.0,5,1,0,0.0,0,1,0,0,0.0,0,27
16932.0,1,1411.0,2,1411.0,1,1,1,0,690.0,32,1,0,0.0,0,1,0,0,0.0,1,57
8280.0,1,690.0,5,690.0,1,3,0,0,690.0,84,0,0,0.0,0,0,0,1,0.0,1,26
0.0,1,0.0,2,0.0,1,1,0,0,0.0,6,1,0,0.0,0,1,0,0,0.0,2,32
0.0,1,0.0,3,0.0,1,2,0,0,0.0,45,1,0,0.0,0,1,0,0,0.0,2,47
0.0,0,0.0,3,0.0,3,1,0,1,0.0,114,0,0,0.0,0,0,1,0,0.0,0,32
12972.0,0,500.0,2,1081.0,1,1,0,1,500.0,16,0,0,0.0,0,0,1,0,0.0,0,31
4284.0,0,357.0,2,357.0,4,1,0,1,357.0,33,0,1,0.0,0,0,1,0,0.0,0,24
